<?xml version="1.0" encoding="UTF-8"?>
<gpx creator="Garmin Connect" version="1.1"
  xsi:schemaLocation="http://www.topografix.com/GPX/1/1 http://www.topografix.com/GPX/11.xsd"
  xmlns:ns3="http://www.garmin.com/xmlschemas/TrackPointExtension/v1"
  xmlns="http://www.topografix.com/GPX/1/1"
  xmlns:xsi="http://www.w3.org/2001/XMLSchema-instance" xmlns:ns2="http://www.garmin.com/xmlschemas/GpxExtensions/v3">
  <metadata>
    <name>3K3H 58K 2026 mit VP</name>
    <link href="connect.garmin.com">
      <text>Garmin Connect</text>
    </link>
    <time>2026-07-18T18:31:54.000Z</time>
  </metadata>
  <wpt lat="48.78113086161658" lon="13.80383733268017">
    <ele>0.0</ele>
    <name>VP1</name>
    <type>AID STATION</type>
  </wpt>
  <wpt lat="48.7809854259258" lon="13.80384030596153">
    <ele>0.0</ele>
    <name>VP2</name>
    <type>AID STATION</type>
  </wpt>
  <wpt lat="48.76609942582226" lon="13.80983381370189">
    <ele>0.0</ele>
    <name>VP3</name>
    <type>AID STATION</type>
  </wpt>
  <wpt lat="48.76772611030922" lon="13.74374541796931">
    <ele>0.0</ele>
    <name>VP4</name>
    <type>AID STATION</type>
  </wpt>
  <wpt lat="48.79152034964287" lon="13.75664535585287">
    <ele>0.0</ele>
    <name>VP5</name>
    <type>AID STATION</type>
  </wpt>
  <trk>
    <name>3K3H 58K 2026 mit VP</name>
    <trkseg>
      <trkpt lat="48.81706992164254" lon="13.769986918196082">
        <ele>838.68</ele>
      </trkpt>
      <trkpt lat="48.81684796884656" lon="13.77004492096603">
        <ele>839.08</ele>
      </trkpt>
      <trkpt lat="48.816625932231545" lon="13.770102923735976">
        <ele>839.58</ele>
      </trkpt>
      <trkpt lat="48.81640397943556" lon="13.770160423591733">
        <ele>840.19</ele>
      </trkpt>
      <trkpt lat="48.81618194282055" lon="13.77021792344749">
        <ele>840.89</ele>
      </trkpt>
      <trkpt lat="48.815999468788505" lon="13.770271986722946">
        <ele>841.75</ele>
      </trkpt>
      <trkpt lat="48.81581699475646" lon="13.77032596617937">
        <ele>842.6</ele>
      </trkpt>
      <trkpt lat="48.81584205664694" lon="13.770603239536285">
        <ele>842.92</ele>
      </trkpt>
      <trkpt lat="48.81586695089936" lon="13.770878920331597">
        <ele>843.01</ele>
      </trkpt>
      <trkpt lat="48.81586099974811" lon="13.77101194113493">
        <ele>843.07</ele>
      </trkpt>
      <trkpt lat="48.81584096699953" lon="13.771177986636758">
        <ele>843.03</ele>
      </trkpt>
      <trkpt lat="48.81573292426765" lon="13.77154796384275">
        <ele>843.07</ele>
      </trkpt>
      <trkpt lat="48.815697971731424" lon="13.77163597382605">
        <ele>843.06</ele>
      </trkpt>
      <trkpt lat="48.81557794287801" lon="13.771496918052435">
        <ele>843.09</ele>
      </trkpt>
      <trkpt lat="48.81543477997184" lon="13.771703196689487">
        <ele>843.08</ele>
      </trkpt>
      <trkpt lat="48.815291952341795" lon="13.771908972412348">
        <ele>843.15</ele>
      </trkpt>
      <trkpt lat="48.81512171588838" lon="13.772166632115841">
        <ele>843.29</ele>
      </trkpt>
      <trkpt lat="48.814951563254" lon="13.772424291819334">
        <ele>843.47</ele>
      </trkpt>
      <trkpt lat="48.81478199735284" lon="13.772680945694447">
        <ele>843.51</ele>
      </trkpt>
      <trkpt lat="48.81461494602263" lon="13.772931983694434">
        <ele>843.28</ele>
      </trkpt>
      <trkpt lat="48.814431969076395" lon="13.773068943992257">
        <ele>843.03</ele>
      </trkpt>
      <trkpt lat="48.814161317422986" lon="13.773092329502106">
        <ele>842.72</ele>
      </trkpt>
      <trkpt lat="48.81389074958861" lon="13.773115631192923">
        <ele>842.44</ele>
      </trkpt>
      <trkpt lat="48.813619930297136" lon="13.77313893288374">
        <ele>842.16</ele>
      </trkpt>
      <trkpt lat="48.81340594030917" lon="13.773131975904107">
        <ele>841.81</ele>
      </trkpt>
      <trkpt lat="48.81317392922938" lon="13.773082941770554">
        <ele>841.43</ele>
      </trkpt>
      <trkpt lat="48.81291995756328" lon="13.772938940674067">
        <ele>841.02</ele>
      </trkpt>
      <trkpt lat="48.812779979780316" lon="13.772913962602615">
        <ele>840.6</ele>
      </trkpt>
      <trkpt lat="48.81267495453358" lon="13.772997949272394">
        <ele>840.17</ele>
      </trkpt>
      <trkpt lat="48.81254998035729" lon="13.773220991715789">
        <ele>839.78</ele>
      </trkpt>
      <trkpt lat="48.81247295066714" lon="13.773485943675041">
        <ele>839.53</ele>
      </trkpt>
      <trkpt lat="48.812476973980665" lon="13.773705968633294">
        <ele>839.37</ele>
      </trkpt>
      <trkpt lat="48.81256598979235" lon="13.773937979713082">
        <ele>839.24</ele>
      </trkpt>
      <trkpt lat="48.8126911316067" lon="13.774165799841285">
        <ele>839.12</ele>
      </trkpt>
      <trkpt lat="48.81281593814492" lon="13.774392949417233">
        <ele>839.02</ele>
      </trkpt>
      <trkpt lat="48.81290461868048" lon="13.774632420390844">
        <ele>838.99</ele>
      </trkpt>
      <trkpt lat="48.812992963939905" lon="13.774870969355106">
        <ele>839.06</ele>
      </trkpt>
      <trkpt lat="48.813014924526215" lon="13.77509392797947">
        <ele>839.24</ele>
      </trkpt>
      <trkpt lat="48.81300645880401" lon="13.775356197729707">
        <ele>839.47</ele>
      </trkpt>
      <trkpt lat="48.81299799308181" lon="13.775616958737373">
        <ele>839.8</ele>
      </trkpt>
      <trkpt lat="48.81300394423306" lon="13.775947876274586">
        <ele>840.15</ele>
      </trkpt>
      <trkpt lat="48.81300997920334" lon="13.7762769497931">
        <ele>840.58</ele>
      </trkpt>
      <trkpt lat="48.8130259886384" lon="13.776395972818136">
        <ele>841.05</ele>
      </trkpt>
      <trkpt lat="48.813111651688814" lon="13.77669713459909">
        <ele>841.57</ele>
      </trkpt>
      <trkpt lat="48.8131969794631" lon="13.776996955275536">
        <ele>842.2</ele>
      </trkpt>
      <trkpt lat="48.813230926170945" lon="13.777243969962">
        <ele>842.88</ele>
      </trkpt>
      <trkpt lat="48.81319454871118" lon="13.777595590800047">
        <ele>843.65</ele>
      </trkpt>
      <trkpt lat="48.813158087432384" lon="13.777947127819061">
        <ele>844.41</ele>
      </trkpt>
      <trkpt lat="48.813121961429715" lon="13.77829598262906">
        <ele>845.19</ele>
      </trkpt>
      <trkpt lat="48.81304392591119" lon="13.778635952621698">
        <ele>845.93</ele>
      </trkpt>
      <trkpt lat="48.812931943684816" lon="13.77876696176827">
        <ele>846.65</ele>
      </trkpt>
      <trkpt lat="48.812695909291506" lon="13.778911465778947">
        <ele>847.44</ele>
      </trkpt>
      <trkpt lat="48.81245995871723" lon="13.779055969789624">
        <ele>848.31</ele>
      </trkpt>
      <trkpt lat="48.81233992986381" lon="13.77926199696958">
        <ele>849.09</ele>
      </trkpt>
      <trkpt lat="48.8123610522598" lon="13.779501132667065">
        <ele>849.77</ele>
      </trkpt>
      <trkpt lat="48.8123819231987" lon="13.779738927260041">
        <ele>850.53</ele>
      </trkpt>
      <trkpt lat="48.81242693401873" lon="13.779873959720135">
        <ele>851.29</ele>
      </trkpt>
      <trkpt lat="48.81234378553927" lon="13.780243350192904">
        <ele>852.19</ele>
      </trkpt>
      <trkpt lat="48.812260972335935" lon="13.780610980466008">
        <ele>853.06</ele>
      </trkpt>
      <trkpt lat="48.81216977722943" lon="13.780880039557815">
        <ele>853.93</ele>
      </trkpt>
      <trkpt lat="48.81207891739905" lon="13.781147925183177">
        <ele>854.83</ele>
      </trkpt>
      <trkpt lat="48.811982944607735" lon="13.781380942091346">
        <ele>855.79</ele>
      </trkpt>
      <trkpt lat="48.81175193935633" lon="13.781657963991165">
        <ele>856.86</ele>
      </trkpt>
      <trkpt lat="48.81151883862913" lon="13.781872624531388">
        <ele>857.93</ele>
      </trkpt>
      <trkpt lat="48.81128598935902" lon="13.782086949795485">
        <ele>859.11</ele>
      </trkpt>
      <trkpt lat="48.81106940098107" lon="13.782242517918348">
        <ele>860.28</ele>
      </trkpt>
      <trkpt lat="48.81085298024118" lon="13.782397918403149">
        <ele>861.32</ele>
      </trkpt>
      <trkpt lat="48.8107068836689" lon="13.782501518726349">
        <ele>862.33</ele>
      </trkpt>
      <trkpt lat="48.81056095473468" lon="13.782604951411486">
        <ele>863.37</ele>
      </trkpt>
      <trkpt lat="48.810366997495294" lon="13.782793963328004">
        <ele>864.46</ele>
      </trkpt>
      <trkpt lat="48.810224924236536" lon="13.78250495530665">
        <ele>865.5</ele>
      </trkpt>
      <trkpt lat="48.81012291647494" lon="13.782235980033875">
        <ele>866.65</ele>
      </trkpt>
      <trkpt lat="48.80988797172904" lon="13.78226699307561">
        <ele>867.82</ele>
      </trkpt>
      <trkpt lat="48.80961145274341" lon="13.782380986958742">
        <ele>868.98</ele>
      </trkpt>
      <trkpt lat="48.80933493375778" lon="13.782494980841875">
        <ele>870.04</ele>
      </trkpt>
      <trkpt lat="48.80904491990805" lon="13.78254996612668">
        <ele>871.12</ele>
      </trkpt>
      <trkpt lat="48.8089369609952" lon="13.78261098638177">
        <ele>872.16</ele>
      </trkpt>
      <trkpt lat="48.80875398404896" lon="13.782835956662893">
        <ele>873.2</ele>
      </trkpt>
      <trkpt lat="48.808692963793874" lon="13.782860934734344">
        <ele>874.23</ele>
      </trkpt>
      <trkpt lat="48.808484924957156" lon="13.782987920567393">
        <ele>875.34</ele>
      </trkpt>
      <trkpt lat="48.808268923312426" lon="13.783264942467213">
        <ele>876.4</ele>
      </trkpt>
      <trkpt lat="48.808051999658346" lon="13.783583957701921">
        <ele>877.49</ele>
      </trkpt>
      <trkpt lat="48.80800397135317" lon="13.783746985718608">
        <ele>878.51</ele>
      </trkpt>
      <trkpt lat="48.807898946106434" lon="13.783878916874528">
        <ele>879.55</ele>
      </trkpt>
      <trkpt lat="48.807751927524805" lon="13.784001963213086">
        <ele>880.65</ele>
      </trkpt>
      <trkpt lat="48.80773591808975" lon="13.784038927406073">
        <ele>881.65</ele>
      </trkpt>
      <trkpt lat="48.80759392865002" lon="13.784319972619414">
        <ele>882.77</ele>
      </trkpt>
      <trkpt lat="48.80764799192548" lon="13.784421980381012">
        <ele>883.69</ele>
      </trkpt>
      <trkpt lat="48.80765595473349" lon="13.784444946795702">
        <ele>884.68</ele>
      </trkpt>
      <trkpt lat="48.8076829444617" lon="13.784521976485848">
        <ele>885.64</ele>
      </trkpt>
      <trkpt lat="48.80766894668341" lon="13.784629935398698">
        <ele>886.71</ele>
      </trkpt>
      <trkpt lat="48.807578925043344" lon="13.784671928733587">
        <ele>887.82</ele>
      </trkpt>
      <trkpt lat="48.807578925043344" lon="13.784712916240096">
        <ele>888.92</ele>
      </trkpt>
      <trkpt lat="48.807578925043344" lon="13.784780977293849">
        <ele>890.05</ele>
      </trkpt>
      <trkpt lat="48.80754397250712" lon="13.784902933984995">
        <ele>891.28</ele>
      </trkpt>
      <trkpt lat="48.80750893615186" lon="13.784861946478486">
        <ele>892.52</ele>
      </trkpt>
      <trkpt lat="48.80748295225203" lon="13.784874938428402">
        <ele>893.82</ele>
      </trkpt>
      <trkpt lat="48.807515976950526" lon="13.784952973946929">
        <ele>895.13</ele>
      </trkpt>
      <trkpt lat="48.807451939210296" lon="13.784981975331903">
        <ele>896.56</ele>
      </trkpt>
      <trkpt lat="48.80750793032348" lon="13.785036960616708">
        <ele>897.94</ele>
      </trkpt>
      <trkpt lat="48.80747792311013" lon="13.785159923136234">
        <ele>899.46</ele>
      </trkpt>
      <trkpt lat="48.80748697556555" lon="13.785257991403341">
        <ele>901.01</ele>
      </trkpt>
      <trkpt lat="48.80738672800362" lon="13.785630315542221">
        <ele>902.78</ele>
      </trkpt>
      <trkpt lat="48.80728698335588" lon="13.786000963300467">
        <ele>904.54</ele>
      </trkpt>
      <trkpt lat="48.80708799697459" lon="13.786102971062064">
        <ele>906.44</ele>
      </trkpt>
      <trkpt lat="48.806975930929184" lon="13.786240937188268">
        <ele>908.23</ele>
      </trkpt>
      <trkpt lat="48.806793205440044" lon="13.786554923281074">
        <ele>910.06</ele>
      </trkpt>
      <trkpt lat="48.806610982865095" lon="13.78686798736453">
        <ele>911.86</ele>
      </trkpt>
      <trkpt lat="48.806471256539226" lon="13.787067225202918">
        <ele>913.64</ele>
      </trkpt>
      <trkpt lat="48.806331949308515" lon="13.787265960127115">
        <ele>915.38</ele>
      </trkpt>
      <trkpt lat="48.806203957647085" lon="13.787398980930448">
        <ele>917.08</ele>
      </trkpt>
      <trkpt lat="48.805967504158616" lon="13.787572989240289">
        <ele>918.78</ele>
      </trkpt>
      <trkpt lat="48.80573113448918" lon="13.787747081369162">
        <ele>920.58</ele>
      </trkpt>
      <trkpt lat="48.805494932457805" lon="13.78792092204094">
        <ele>922.35</ele>
      </trkpt>
      <trkpt lat="48.805235931649804" lon="13.787958975881338">
        <ele>924.11</ele>
      </trkpt>
      <trkpt lat="48.80508195608854" lon="13.788037430495024">
        <ele>925.65</ele>
      </trkpt>
      <trkpt lat="48.80492798052728" lon="13.788115968927741">
        <ele>926.98</ele>
      </trkpt>
      <trkpt lat="48.804654981940985" lon="13.78815695643425">
        <ele>928.19</ele>
      </trkpt>
      <trkpt lat="48.804463958367705" lon="13.788148993626237">
        <ele>929.24</ele>
      </trkpt>
      <trkpt lat="48.80443696863949" lon="13.788228956982493">
        <ele>930.14</ele>
      </trkpt>
      <trkpt lat="48.80434493534267" lon="13.788663977757096">
        <ele>930.82</ele>
      </trkpt>
      <trkpt lat="48.804310988634825" lon="13.789056921377778">
        <ele>931.4</ele>
      </trkpt>
      <trkpt lat="48.804438980296254" lon="13.789027919992805">
        <ele>931.93</ele>
      </trkpt>
      <trkpt lat="48.804613491520286" lon="13.788915937766433">
        <ele>932.33</ele>
      </trkpt>
      <trkpt lat="48.804787918925285" lon="13.788803955540061">
        <ele>932.59</ele>
      </trkpt>
      <trkpt lat="48.804807951673865" lon="13.788791969418526">
        <ele>932.73</ele>
      </trkpt>
      <trkpt lat="48.805000903084874" lon="13.78877897746861">
        <ele>932.72</ele>
      </trkpt>
      <trkpt lat="48.805193938314915" lon="13.788765985518694">
        <ele>932.58</ele>
      </trkpt>
      <trkpt lat="48.80548688583076" lon="13.788780234754086">
        <ele>932.26</ele>
      </trkpt>
      <trkpt lat="48.805779833346605" lon="13.788794483989477">
        <ele>931.85</ele>
      </trkpt>
      <trkpt lat="48.80607278086245" lon="13.788808733224869">
        <ele>931.42</ele>
      </trkpt>
      <trkpt lat="48.80636597983539" lon="13.78882298246026">
        <ele>930.87</ele>
      </trkpt>
      <trkpt lat="48.80658625625074" lon="13.788783000782132">
        <ele>930.23</ele>
      </trkpt>
      <trkpt lat="48.80680653266609" lon="13.788742935284972">
        <ele>929.52</ele>
      </trkpt>
      <trkpt lat="48.8070269767195" lon="13.788702953606844">
        <ele>928.81</ele>
      </trkpt>
      <trkpt lat="48.80726292729378" lon="13.788738995790482">
        <ele>928.06</ele>
      </trkpt>
      <trkpt lat="48.80748798139393" lon="13.78882197663188">
        <ele>927.33</ele>
      </trkpt>
      <trkpt lat="48.80771295167506" lon="13.788904957473278">
        <ele>926.49</ele>
      </trkpt>
      <trkpt lat="48.8079318869859" lon="13.788933288305998">
        <ele>925.5</ele>
      </trkpt>
      <trkpt lat="48.80815090611577" lon="13.788961619138718">
        <ele>924.38</ele>
      </trkpt>
      <trkpt lat="48.80836992524564" lon="13.788989949971437">
        <ele>923.23</ele>
      </trkpt>
      <trkpt lat="48.80866697989404" lon="13.788948962464929">
        <ele>922.01</ele>
      </trkpt>
      <trkpt lat="48.808915419504046" lon="13.788877464830875">
        <ele>920.78</ele>
      </trkpt>
      <trkpt lat="48.80916394293308" lon="13.788805967196822">
        <ele>919.47</ele>
      </trkpt>
      <trkpt lat="48.80940995179117" lon="13.788806973025203">
        <ele>918.1</ele>
      </trkpt>
      <trkpt lat="48.80951992236078" lon="13.788848966360092">
        <ele>916.68</ele>
      </trkpt>
      <trkpt lat="48.809726955369115" lon="13.788976958021522">
        <ele>915.12</ele>
      </trkpt>
      <trkpt lat="48.809946896508336" lon="13.789237970486283">
        <ele>913.61</ele>
      </trkpt>
      <trkpt lat="48.81016683764756" lon="13.789498899132013">
        <ele>912.09</ele>
      </trkpt>
      <trkpt lat="48.81038677878678" lon="13.789759911596775">
        <ele>910.46</ele>
      </trkpt>
      <trkpt lat="48.810605965554714" lon="13.790019918233156">
        <ele>908.86</ele>
      </trkpt>
      <trkpt lat="48.81081299856305" lon="13.790225945413113">
        <ele>907.23</ele>
      </trkpt>
      <trkpt lat="48.81104073487222" lon="13.790412358939648">
        <ele>905.63</ele>
      </trkpt>
      <trkpt lat="48.81126847118139" lon="13.790598772466183">
        <ele>904.07</ele>
      </trkpt>
      <trkpt lat="48.81149595603347" lon="13.790784934535623">
        <ele>902.49</ele>
      </trkpt>
      <trkpt lat="48.811695110052824" lon="13.791005378589034">
        <ele>900.85</ele>
      </trkpt>
      <trkpt lat="48.81189426407218" lon="13.791225822642446">
        <ele>899.25</ele>
      </trkpt>
      <trkpt lat="48.812093418091536" lon="13.791446266695857">
        <ele>897.73</ele>
      </trkpt>
      <trkpt lat="48.81229198537767" lon="13.791665956377983">
        <ele>896.42</ele>
      </trkpt>
      <trkpt lat="48.81256749853492" lon="13.791819512844086">
        <ele>895.25</ele>
      </trkpt>
      <trkpt lat="48.812842927873135" lon="13.791972985491157">
        <ele>894.23</ele>
      </trkpt>
      <trkpt lat="48.81300293840468" lon="13.79202394746244">
        <ele>893.25</ele>
      </trkpt>
      <trkpt lat="48.813162948936224" lon="13.792074993252754">
        <ele>892.39</ele>
      </trkpt>
      <trkpt lat="48.813384901732206" lon="13.792099468410015">
        <ele>891.68</ele>
      </trkpt>
      <trkpt lat="48.81360693834722" lon="13.792123943567276">
        <ele>891.12</ele>
      </trkpt>
      <trkpt lat="48.813810450956225" lon="13.79213492386043">
        <ele>890.66</ele>
      </trkpt>
      <trkpt lat="48.81401396356523" lon="13.792145987972617">
        <ele>890.32</ele>
      </trkpt>
      <trkpt lat="48.81414799019694" lon="13.792102988809347">
        <ele>890.14</ele>
      </trkpt>
      <trkpt lat="48.8142607267946" lon="13.792441198602319">
        <ele>890.15</ele>
      </trkpt>
      <trkpt lat="48.81437346339226" lon="13.79277940839529">
        <ele>890.43</ele>
      </trkpt>
      <trkpt lat="48.814486199989915" lon="13.793117618188262">
        <ele>890.96</ele>
      </trkpt>
      <trkpt lat="48.81459793075919" lon="13.793452978134155">
        <ele>891.66</ele>
      </trkpt>
      <trkpt lat="48.81455099210143" lon="13.793618939816952">
        <ele>892.67</ele>
      </trkpt>
      <trkpt lat="48.81459097377956" lon="13.793761935085058">
        <ele>893.93</ele>
      </trkpt>
      <trkpt lat="48.81463497877121" lon="13.794225957244635">
        <ele>895.49</ele>
      </trkpt>
      <trkpt lat="48.81469180807471" lon="13.794671790674329">
        <ele>897.34</ele>
      </trkpt>
      <trkpt lat="48.814748553559184" lon="13.795117624104023">
        <ele>899.44</ele>
      </trkpt>
      <trkpt lat="48.81480496376753" lon="13.795559937134385">
        <ele>901.77</ele>
      </trkpt>
      <trkpt lat="48.8145680911839" lon="13.79582748748362">
        <ele>904.52</ele>
      </trkpt>
      <trkpt lat="48.81433121860027" lon="13.796095121651888">
        <ele>907.52</ele>
      </trkpt>
      <trkpt lat="48.81409493274987" lon="13.796361917629838">
        <ele>910.74</ele>
      </trkpt>
      <trkpt lat="48.81385806016624" lon="13.796629551798105">
        <ele>914.23</ele>
      </trkpt>
      <trkpt lat="48.81362118758261" lon="13.79689710214734">
        <ele>918.02</ele>
      </trkpt>
      <trkpt lat="48.81338498555124" lon="13.797163981944323">
        <ele>922.04</ele>
      </trkpt>
      <trkpt lat="48.81314811296761" lon="13.797431532293558">
        <ele>926.29</ele>
      </trkpt>
      <trkpt lat="48.81291124038398" lon="13.797699082642794">
        <ele>930.81</ele>
      </trkpt>
      <trkpt lat="48.81267495453358" lon="13.797965962439775">
        <ele>935.65</ele>
      </trkpt>
      <trkpt lat="48.81243808194995" lon="13.798233512789011">
        <ele>940.56</ele>
      </trkpt>
      <trkpt lat="48.81220120936632" lon="13.798501063138247">
        <ele>945.63</ele>
      </trkpt>
      <trkpt lat="48.811964923515916" lon="13.798767942935228">
        <ele>950.77</ele>
      </trkpt>
      <trkpt lat="48.81178731098771" lon="13.798968605697155">
        <ele>955.84</ele>
      </trkpt>
      <trkpt lat="48.8116099499166" lon="13.799168933182955">
        <ele>960.93</ele>
      </trkpt>
      <trkpt lat="48.811432337388396" lon="13.799369595944881">
        <ele>965.98</ele>
      </trkpt>
      <trkpt lat="48.81125497631729" lon="13.799569923430681">
        <ele>971.02</ele>
      </trkpt>
      <trkpt lat="48.81107727997005" lon="13.79977067001164">
        <ele>975.99</ele>
      </trkpt>
      <trkpt lat="48.81089991889894" lon="13.79997099749744">
        <ele>980.82</ele>
      </trkpt>
      <trkpt lat="48.810722306370735" lon="13.800171660259366">
        <ele>985.55</ele>
      </trkpt>
      <trkpt lat="48.810544945299625" lon="13.800371987745166">
        <ele>990.09</ele>
      </trkpt>
      <trkpt lat="48.81036733277142" lon="13.800572650507092">
        <ele>994.41</ele>
      </trkpt>
      <trkpt lat="48.81018997170031" lon="13.800772977992892">
        <ele>998.5</ele>
      </trkpt>
      <trkpt lat="48.810012275353074" lon="13.800973640754819">
        <ele>1002.32</ele>
      </trkpt>
      <trkpt lat="48.809834998100996" lon="13.801173968240619">
        <ele>1005.91</ele>
      </trkpt>
      <trkpt lat="48.80959779024124" lon="13.801441183313727">
        <ele>1009.25</ele>
      </trkpt>
      <trkpt lat="48.80936058238149" lon="13.801708398386836">
        <ele>1012.2</ele>
      </trkpt>
      <trkpt lat="48.809123961254954" lon="13.801974942907691">
        <ele>1014.81</ele>
      </trkpt>
      <trkpt lat="48.80888708867133" lon="13.802242493256927">
        <ele>1017.01</ele>
      </trkpt>
      <trkpt lat="48.8086502160877" lon="13.802510127425194">
        <ele>1018.82</ele>
      </trkpt>
      <trkpt lat="48.80841393023729" lon="13.802776923403144">
        <ele>1020.17</ele>
      </trkpt>
      <trkpt lat="48.808177057653666" lon="13.803044557571411">
        <ele>1021.22</ele>
      </trkpt>
      <trkpt lat="48.80794018507004" lon="13.803312107920647">
        <ele>1021.83</ele>
      </trkpt>
      <trkpt lat="48.807703983038664" lon="13.803578987717628">
        <ele>1021.97</ele>
      </trkpt>
      <trkpt lat="48.807467110455036" lon="13.803846538066864">
        <ele>1021.7</ele>
      </trkpt>
      <trkpt lat="48.80723023787141" lon="13.8041140884161">
        <ele>1020.98</ele>
      </trkpt>
      <trkpt lat="48.806993952021" lon="13.804380968213081">
        <ele>1019.83</ele>
      </trkpt>
      <trkpt lat="48.806757079437375" lon="13.804648518562317">
        <ele>1018.24</ele>
      </trkpt>
      <trkpt lat="48.80652020685375" lon="13.804916068911552">
        <ele>1016.39</ele>
      </trkpt>
      <trkpt lat="48.80628392100334" lon="13.805182948708534">
        <ele>1014.3</ele>
      </trkpt>
      <trkpt lat="48.806047048419714" lon="13.80545049905777">
        <ele>1011.96</ele>
      </trkpt>
      <trkpt lat="48.80581025965512" lon="13.805718049407005">
        <ele>1009.38</ele>
      </trkpt>
      <trkpt lat="48.80557397380471" lon="13.805984929203987">
        <ele>1006.61</ele>
      </trkpt>
      <trkpt lat="48.805337101221085" lon="13.806252563372254">
        <ele>1003.67</ele>
      </trkpt>
      <trkpt lat="48.80510022863746" lon="13.80652011372149">
        <ele>1000.54</ele>
      </trkpt>
      <trkpt lat="48.80486394278705" lon="13.806786993518472">
        <ele>997.54</ele>
      </trkpt>
      <trkpt lat="48.80462707020342" lon="13.807054543867707">
        <ele>994.52</ele>
      </trkpt>
      <trkpt lat="48.804390197619796" lon="13.807322094216943">
        <ele>991.46</ele>
      </trkpt>
      <trkpt lat="48.80415399558842" lon="13.807588974013925">
        <ele>988.39</ele>
      </trkpt>
      <trkpt lat="48.80415298976004" lon="13.807477997615933">
        <ele>985.62</ele>
      </trkpt>
      <trkpt lat="48.803968923166394" lon="13.807131992653012">
        <ele>982.88</ele>
      </trkpt>
      <trkpt lat="48.80385593511164" lon="13.806840972974896">
        <ele>980.22</ele>
      </trkpt>
      <trkpt lat="48.80373599007726" lon="13.80665497854352">
        <ele>977.63</ele>
      </trkpt>
      <trkpt lat="48.80351906642318" lon="13.806339232251048">
        <ele>975.07</ele>
      </trkpt>
      <trkpt lat="48.80330205895007" lon="13.806023485958576">
        <ele>972.66</ele>
      </trkpt>
      <trkpt lat="48.803085973486304" lon="13.80570899695158">
        <ele>970.46</ele>
      </trkpt>
      <trkpt lat="48.80297399125993" lon="13.805513950064778">
        <ele>968.5</ele>
      </trkpt>
      <trkpt lat="48.802880784496665" lon="13.805276490747929">
        <ele>966.72</ele>
      </trkpt>
      <trkpt lat="48.802787996828556" lon="13.805039953440428">
        <ele>965.12</ele>
      </trkpt>
      <trkpt lat="48.80262597464025" lon="13.804845996201038">
        <ele>963.67</ele>
      </trkpt>
      <trkpt lat="48.80253494717181" lon="13.804708952084184">
        <ele>962.36</ele>
      </trkpt>
      <trkpt lat="48.80247593857348" lon="13.804556988179684">
        <ele>961.21</ele>
      </trkpt>
      <trkpt lat="48.80239178426564" lon="13.804187094792724">
        <ele>960.23</ele>
      </trkpt>
      <trkpt lat="48.80230796523392" lon="13.80381896160543">
        <ele>959.39</ele>
      </trkpt>
      <trkpt lat="48.80228097550571" lon="13.803421994671226">
        <ele>958.66</ele>
      </trkpt>
      <trkpt lat="48.80224786698818" lon="13.803176824003458">
        <ele>958.09</ele>
      </trkpt>
      <trkpt lat="48.80221492610872" lon="13.802932994440198">
        <ele>957.68</ele>
      </trkpt>
      <trkpt lat="48.80211677402258" lon="13.802648847922683">
        <ele>957.35</ele>
      </trkpt>
      <trkpt lat="48.80201895721257" lon="13.802365958690643">
        <ele>957.16</ele>
      </trkpt>
      <trkpt lat="48.80196078680456" lon="13.80210385657847">
        <ele>957.08</ele>
      </trkpt>
      <trkpt lat="48.80190295167267" lon="13.80184292793274">
        <ele>957.07</ele>
      </trkpt>
      <trkpt lat="48.8018047157675" lon="13.801501700654626">
        <ele>957.09</ele>
      </trkpt>
      <trkpt lat="48.80170698277652" lon="13.801161982119083">
        <ele>956.98</ele>
      </trkpt>
      <trkpt lat="48.80157396197319" lon="13.8008969463408">
        <ele>956.88</ele>
      </trkpt>
      <trkpt lat="48.801480922847986" lon="13.800747999921441">
        <ele>956.84</ele>
      </trkpt>
      <trkpt lat="48.80135997198522" lon="13.800450945273042">
        <ele>956.8</ele>
      </trkpt>
      <trkpt lat="48.80128998309374" lon="13.800174929201603">
        <ele>956.77</ele>
      </trkpt>
      <trkpt lat="48.80132392980158" lon="13.799941996112466">
        <ele>956.81</ele>
      </trkpt>
      <trkpt lat="48.80140112712979" lon="13.79958844743669">
        <ele>956.88</ele>
      </trkpt>
      <trkpt lat="48.801478324458" lon="13.799234898760915">
        <ele>956.91</ele>
      </trkpt>
      <trkpt lat="48.80155493505299" lon="13.798883948475122">
        <ele>956.86</ele>
      </trkpt>
      <trkpt lat="48.8016321323812" lon="13.798530735075474">
        <ele>956.84</ele>
      </trkpt>
      <trkpt lat="48.80170932970941" lon="13.798177605494857">
        <ele>956.8</ele>
      </trkpt>
      <trkpt lat="48.8017859403044" lon="13.797826990485191">
        <ele>956.69</ele>
      </trkpt>
      <trkpt lat="48.80174092948437" lon="13.79780595190823">
        <ele>956.54</ele>
      </trkpt>
      <trkpt lat="48.80176297388971" lon="13.797704949975014">
        <ele>956.37</ele>
      </trkpt>
      <trkpt lat="48.801652751863" lon="13.797423066571355">
        <ele>956.15</ele>
      </trkpt>
      <trkpt lat="48.8015425298363" lon="13.797141183167696">
        <ele>955.86</ele>
      </trkpt>
      <trkpt lat="48.801432978361845" lon="13.796860976144671">
        <ele>955.53</ele>
      </trkpt>
      <trkpt lat="48.801250252872705" lon="13.796633742749691">
        <ele>955.07</ele>
      </trkpt>
      <trkpt lat="48.801067946478724" lon="13.79640692844987">
        <ele>954.6</ele>
      </trkpt>
      <trkpt lat="48.8009447325021" lon="13.796175085008144">
        <ele>954.1</ele>
      </trkpt>
      <trkpt lat="48.80082193762064" lon="13.795943995937705">
        <ele>953.59</ele>
      </trkpt>
      <trkpt lat="48.80087658762932" lon="13.795599583536386">
        <ele>952.94</ele>
      </trkpt>
      <trkpt lat="48.8009309861809" lon="13.795256931334734">
        <ele>952.23</ele>
      </trkpt>
      <trkpt lat="48.80090441554785" lon="13.79488443955779">
        <ele>951.42</ele>
      </trkpt>
      <trkpt lat="48.800877928733826" lon="13.794513959437609">
        <ele>950.54</ele>
      </trkpt>
      <trkpt lat="48.80096996203065" lon="13.79419595003128">
        <ele>949.59</ele>
      </trkpt>
      <trkpt lat="48.80116492509842" lon="13.794100983068347">
        <ele>948.65</ele>
      </trkpt>
      <trkpt lat="48.80138939246535" lon="13.794103916734457">
        <ele>947.75</ele>
      </trkpt>
      <trkpt lat="48.80161394365132" lon="13.794106934219599">
        <ele>946.9</ele>
      </trkpt>
      <trkpt lat="48.801852157339454" lon="13.793834187090397">
        <ele>946.02</ele>
      </trkpt>
      <trkpt lat="48.80208995193243" lon="13.793561942875385">
        <ele>945.14</ele>
      </trkpt>
      <trkpt lat="48.802328165620565" lon="13.793289195746183">
        <ele>944.28</ele>
      </trkpt>
      <trkpt lat="48.80256596021354" lon="13.793016951531172">
        <ele>943.41</ele>
      </trkpt>
      <trkpt lat="48.80271716974676" lon="13.792738504707813">
        <ele>942.44</ele>
      </trkpt>
      <trkpt lat="48.80286796018481" lon="13.792460979893804">
        <ele>941.53</ele>
      </trkpt>
      <trkpt lat="48.80301916971803" lon="13.792183035984635">
        <ele>940.68</ele>
      </trkpt>
      <trkpt lat="48.80316996015608" lon="13.791905930265784">
        <ele>939.81</ele>
      </trkpt>
      <trkpt lat="48.80330993793905" lon="13.791584987193346">
        <ele>938.96</ele>
      </trkpt>
      <trkpt lat="48.8033901527524" lon="13.791283741593361">
        <ele>938.16</ele>
      </trkpt>
      <trkpt lat="48.80346994847059" lon="13.790983920916915">
        <ele>937.41</ele>
      </trkpt>
      <trkpt lat="48.80341596901417" lon="13.79081997089088">
        <ele>936.79</ele>
      </trkpt>
      <trkpt lat="48.80320692434907" lon="13.790861964225769">
        <ele>936.37</ele>
      </trkpt>
      <trkpt lat="48.80302797071636" lon="13.790968917310238">
        <ele>936.04</ele>
      </trkpt>
      <trkpt lat="48.80298798903823" lon="13.790955925360322">
        <ele>935.74</ele>
      </trkpt>
      <trkpt lat="48.80296393297613" lon="13.790891971439123">
        <ele>935.51</ele>
      </trkpt>
      <trkpt lat="48.80286091938615" lon="13.790802955627441">
        <ele>935.39</ele>
      </trkpt>
      <trkpt lat="48.80272697657347" lon="13.790979981422424">
        <ele>935.51</ele>
      </trkpt>
      <trkpt lat="48.8025819696486" lon="13.791096992790699">
        <ele>935.72</ele>
      </trkpt>
      <trkpt lat="48.80239295773208" lon="13.791051981970668">
        <ele>935.97</ele>
      </trkpt>
      <trkpt lat="48.80220394581556" lon="13.791006971150637">
        <ele>936.35</ele>
      </trkpt>
      <trkpt lat="48.80214795470238" lon="13.791039995849133">
        <ele>936.81</ele>
      </trkpt>
      <trkpt lat="48.802095986902714" lon="13.791125994175673">
        <ele>937.36</ele>
      </trkpt>
      <trkpt lat="48.802057933062315" lon="13.791320957243443">
        <ele>938.02</ele>
      </trkpt>
      <trkpt lat="48.802052987739444" lon="13.791333949193358">
        <ele>938.81</ele>
      </trkpt>
      <trkpt lat="48.80198299884796" lon="13.791529918089509">
        <ele>939.73</ele>
      </trkpt>
      <trkpt lat="48.801967995241284" lon="13.791825966909528">
        <ele>940.77</ele>
      </trkpt>
      <trkpt lat="48.80178493447602" lon="13.791825966909528">
        <ele>941.93</ele>
      </trkpt>
      <trkpt lat="48.80166197195649" lon="13.791771987453103">
        <ele>943.23</ele>
      </trkpt>
      <trkpt lat="48.801390985026956" lon="13.791565960273147">
        <ele>944.72</ele>
      </trkpt>
      <trkpt lat="48.80122493952513" lon="13.791488930583">
        <ele>946.3</ele>
      </trkpt>
      <trkpt lat="48.80103198811412" lon="13.791458923369646">
        <ele>948.03</ele>
      </trkpt>
      <trkpt lat="48.80083895288408" lon="13.791428999975324">
        <ele>949.87</ele>
      </trkpt>
      <trkpt lat="48.800615994259715" lon="13.791472921147943">
        <ele>951.8</ele>
      </trkpt>
      <trkpt lat="48.800342911854386" lon="13.791631339117885">
        <ele>953.95</ele>
      </trkpt>
      <trkpt lat="48.80006982944906" lon="13.791789673268795">
        <ele>956.2</ele>
      </trkpt>
      <trkpt lat="48.799796998500824" lon="13.791947923600674">
        <ele>958.52</ele>
      </trkpt>
      <trkpt lat="48.7995894625783" lon="13.79198044538498">
        <ele>960.95</ele>
      </trkpt>
      <trkpt lat="48.79938192665577" lon="13.792012967169285">
        <ele>963.52</ele>
      </trkpt>
      <trkpt lat="48.799260975793004" lon="13.792206924408674">
        <ele>965.99</ele>
      </trkpt>
      <trkpt lat="48.79908696748316" lon="13.79241093993187">
        <ele>968.5</ele>
      </trkpt>
      <trkpt lat="48.798919999971986" lon="13.79254194907844">
        <ele>971.12</ele>
      </trkpt>
      <trkpt lat="48.79865789785981" lon="13.792675472795963">
        <ele>973.97</ele>
      </trkpt>
      <trkpt lat="48.79839587956667" lon="13.792808996513486">
        <ele>976.92</ele>
      </trkpt>
      <trkpt lat="48.79813386127353" lon="13.792942520231009">
        <ele>980.02</ele>
      </trkpt>
      <trkpt lat="48.79787192679942" lon="13.7930759601295">
        <ele>983.15</ele>
      </trkpt>
      <trkpt lat="48.79765458405018" lon="13.793226331472397">
        <ele>986.02</ele>
      </trkpt>
      <trkpt lat="48.79743715748191" lon="13.793376702815294">
        <ele>989.01</ele>
      </trkpt>
      <trkpt lat="48.797219982370734" lon="13.79352699033916">
        <ele>991.9</ele>
      </trkpt>
      <trkpt lat="48.79705997183919" lon="13.79365992732346">
        <ele>994.67</ele>
      </trkpt>
      <trkpt lat="48.79689593799412" lon="13.793866960331798">
        <ele>997.43</ele>
      </trkpt>
      <trkpt lat="48.796768952161074" lon="13.79398095421493">
        <ele>1000.11</ele>
      </trkpt>
      <trkpt lat="48.7965639308095" lon="13.794098971411586">
        <ele>1002.86</ele>
      </trkpt>
      <trkpt lat="48.796358993276954" lon="13.794216988608241">
        <ele>1005.56</ele>
      </trkpt>
      <trkpt lat="48.79622597247362" lon="13.794254958629608">
        <ele>1008.1</ele>
      </trkpt>
      <trkpt lat="48.79618196748197" lon="13.794310949742794">
        <ele>1010.49</ele>
      </trkpt>
      <trkpt lat="48.79613796249032" lon="13.794360989704728">
        <ele>1012.82</ele>
      </trkpt>
      <trkpt lat="48.79601298831403" lon="13.794605992734432">
        <ele>1015.07</ele>
      </trkpt>
      <trkpt lat="48.79594828002155" lon="13.794848984107375">
        <ele>1017.27</ele>
      </trkpt>
      <trkpt lat="48.79588399082422" lon="13.795090969651937">
        <ele>1019.43</ele>
      </trkpt>
      <trkpt lat="48.79583898000419" lon="13.795326920226216">
        <ele>1021.57</ele>
      </trkpt>
      <trkpt lat="48.795826993882656" lon="13.79565792158246">
        <ele>1023.66</ele>
      </trkpt>
      <trkpt lat="48.79585498943925" lon="13.79610794596374">
        <ele>1025.73</ele>
      </trkpt>
      <trkpt lat="48.79589606076479" lon="13.796506002545357">
        <ele>1027.8</ele>
      </trkpt>
      <trkpt lat="48.79593721590936" lon="13.796904059126973">
        <ele>1029.91</ele>
      </trkpt>
      <trkpt lat="48.795977951958776" lon="13.797298930585384">
        <ele>1031.97</ele>
      </trkpt>
      <trkpt lat="48.79606520757079" lon="13.797729508951306">
        <ele>1033.94</ele>
      </trkpt>
      <trkpt lat="48.79615196026862" lon="13.798157991841435">
        <ele>1035.92</ele>
      </trkpt>
      <trkpt lat="48.79618104547262" lon="13.79851589910686">
        <ele>1037.92</ele>
      </trkpt>
      <trkpt lat="48.796209963038564" lon="13.798871962353587">
        <ele>1039.93</ele>
      </trkpt>
      <trkpt lat="48.79618297331035" lon="13.799280999228358">
        <ele>1042.02</ele>
      </trkpt>
      <trkpt lat="48.79624592140317" lon="13.799636978656054">
        <ele>1044.0</ele>
      </trkpt>
      <trkpt lat="48.79620895721018" lon="13.799723982810974">
        <ele>1045.93</ele>
      </trkpt>
      <trkpt lat="48.79619998857379" lon="13.800046937540174">
        <ele>1047.84</ele>
      </trkpt>
      <trkpt lat="48.796149948611856" lon="13.800241984426975">
        <ele>1049.77</ele>
      </trkpt>
      <trkpt lat="48.79605992697179" lon="13.800429990515113">
        <ele>1051.75</ele>
      </trkpt>
      <trkpt lat="48.795932941138744" lon="13.800651943311095">
        <ele>1053.74</ele>
      </trkpt>
      <trkpt lat="48.795761950314045" lon="13.800824945792556">
        <ele>1055.82</ele>
      </trkpt>
      <trkpt lat="48.7956069689244" lon="13.800936928018928">
        <ele>1057.84</ele>
      </trkpt>
      <trkpt lat="48.795399935916066" lon="13.801140943542123">
        <ele>1059.98</ele>
      </trkpt>
      <trkpt lat="48.79526834003627" lon="13.80132065154612">
        <ele>1062.05</ele>
      </trkpt>
      <trkpt lat="48.795136995613575" lon="13.80149994045496">
        <ele>1064.16</ele>
      </trkpt>
      <trkpt lat="48.79497488960624" lon="13.801816860213876">
        <ele>1066.36</ele>
      </trkpt>
      <trkpt lat="48.79481286741793" lon="13.802133779972792">
        <ele>1068.52</ele>
      </trkpt>
      <trkpt lat="48.794650761410594" lon="13.802450699731708">
        <ele>1070.65</ele>
      </trkpt>
      <trkpt lat="48.79448873922229" lon="13.802767619490623">
        <ele>1072.8</ele>
      </trkpt>
      <trkpt lat="48.79432797431946" lon="13.803081940859556">
        <ele>1074.93</ele>
      </trkpt>
      <trkpt lat="48.794184727594256" lon="13.803409589454532">
        <ele>1077.03</ele>
      </trkpt>
      <trkpt lat="48.79404139705002" lon="13.803737154230475">
        <ele>1079.17</ele>
      </trkpt>
      <trkpt lat="48.79389815032482" lon="13.804064802825451">
        <ele>1081.36</ele>
      </trkpt>
      <trkpt lat="48.79375490359962" lon="13.804392367601395">
        <ele>1083.62</ele>
      </trkpt>
      <trkpt lat="48.793612997978926" lon="13.804716998711228">
        <ele>1085.95</ele>
      </trkpt>
      <trkpt lat="48.79342272877693" lon="13.804954206570983">
        <ele>1088.26</ele>
      </trkpt>
      <trkpt lat="48.79323296248913" lon="13.805190995335579">
        <ele>1090.45</ele>
      </trkpt>
      <trkpt lat="48.792969938367605" lon="13.805365925654769">
        <ele>1092.66</ele>
      </trkpt>
      <trkpt lat="48.79274597391486" lon="13.805441949516535">
        <ele>1094.8</ele>
      </trkpt>
      <trkpt lat="48.792521925643086" lon="13.8055179733783">
        <ele>1096.92</ele>
      </trkpt>
      <trkpt lat="48.792366944253445" lon="13.805592991411686">
        <ele>1098.97</ele>
      </trkpt>
      <trkpt lat="48.7922119628638" lon="13.80566792562604">
        <ele>1101.01</ele>
      </trkpt>
      <trkpt lat="48.79198699258268" lon="13.805703464895487">
        <ele>1103.07</ele>
      </trkpt>
      <trkpt lat="48.79176193848252" lon="13.805738920345902">
        <ele>1105.15</ele>
      </trkpt>
      <trkpt lat="48.79146949388087" lon="13.805820476263762">
        <ele>1107.24</ele>
      </trkpt>
      <trkpt lat="48.79117696546018" lon="13.805901948362589">
        <ele>1109.29</ele>
      </trkpt>
      <trkpt lat="48.791076969355345" lon="13.805954921990633">
        <ele>1111.27</ele>
      </trkpt>
      <trkpt lat="48.7907993607223" lon="13.806177042424679">
        <ele>1113.22</ele>
      </trkpt>
      <trkpt lat="48.790521919727325" lon="13.806398995220661">
        <ele>1115.26</ele>
      </trkpt>
      <trkpt lat="48.790319580584764" lon="13.806534362956882">
        <ele>1117.34</ele>
      </trkpt>
      <trkpt lat="48.79011715762317" lon="13.806669730693102">
        <ele>1119.43</ele>
      </trkpt>
      <trkpt lat="48.789914986118674" lon="13.806804930791259">
        <ele>1121.46</ele>
      </trkpt>
      <trkpt lat="48.789732260629535" lon="13.807079521939158">
        <ele>1123.34</ele>
      </trkpt>
      <trkpt lat="48.789549535140395" lon="13.80735419690609">
        <ele>1125.27</ele>
      </trkpt>
      <trkpt lat="48.789366725832224" lon="13.80762878805399">
        <ele>1127.32</ele>
      </trkpt>
      <trkpt lat="48.78918492235243" lon="13.80790195427835">
        <ele>1129.42</ele>
      </trkpt>
      <trkpt lat="48.78914795815945" lon="13.8079649861902">
        <ele>1131.51</ele>
      </trkpt>
      <trkpt lat="48.788980739191175" lon="13.808243852108717">
        <ele>1133.65</ele>
      </trkpt>
      <trkpt lat="48.78881393931806" lon="13.808521963655949">
        <ele>1135.88</ele>
      </trkpt>
      <trkpt lat="48.78860271535814" lon="13.808801583945751">
        <ele>1138.23</ele>
      </trkpt>
      <trkpt lat="48.788391491398215" lon="13.809081204235554">
        <ele>1140.69</ele>
      </trkpt>
      <trkpt lat="48.788180937990546" lon="13.80935998633504">
        <ele>1143.18</ele>
      </trkpt>
      <trkpt lat="48.78803199157119" lon="13.80966399796307">
        <ele>1145.62</ele>
      </trkpt>
      <trkpt lat="48.78791280090809" lon="13.809820152819157">
        <ele>1148.34</ele>
      </trkpt>
      <trkpt lat="48.787793945521116" lon="13.809975972399116">
        <ele>1151.16</ele>
      </trkpt>
      <trkpt lat="48.787621948868036" lon="13.809977984055877">
        <ele>1154.29</ele>
      </trkpt>
      <trkpt lat="48.787449952214956" lon="13.809979995712638">
        <ele>1157.75</ele>
      </trkpt>
      <trkpt lat="48.7872489541769" lon="13.80989894270897">
        <ele>1161.49</ele>
      </trkpt>
      <trkpt lat="48.78701291978359" lon="13.809875976294279">
        <ele>1165.43</ele>
      </trkpt>
      <trkpt lat="48.78692197613418" lon="13.809961974620819">
        <ele>1169.01</ele>
      </trkpt>
      <trkpt lat="48.786826925352216" lon="13.809959962964058">
        <ele>1172.78</ele>
      </trkpt>
      <trkpt lat="48.7866619694978" lon="13.80985896103084">
        <ele>1176.76</ele>
      </trkpt>
      <trkpt lat="48.78644730895758" lon="13.80981596186757">
        <ele>1180.89</ele>
      </trkpt>
      <trkpt lat="48.786232648417354" lon="13.8097729627043">
        <ele>1185.29</ele>
      </trkpt>
      <trkpt lat="48.78601798787713" lon="13.80972996354103">
        <ele>1189.8</ele>
      </trkpt>
      <trkpt lat="48.785899970680475" lon="13.80983599461615">
        <ele>1194.16</ele>
      </trkpt>
      <trkpt lat="48.78561247140169" lon="13.809711439535022">
        <ele>1198.84</ele>
      </trkpt>
      <trkpt lat="48.78532497212291" lon="13.809586968272924">
        <ele>1203.68</ele>
      </trkpt>
      <trkpt lat="48.78508558496833" lon="13.809441290795803">
        <ele>1208.62</ele>
      </trkpt>
      <trkpt lat="48.78484619781375" lon="13.80929552949965">
        <ele>1213.47</ele>
      </trkpt>
      <trkpt lat="48.784606978297234" lon="13.80914993584156">
        <ele>1218.27</ele>
      </trkpt>
      <trkpt lat="48.7843772303313" lon="13.80897257477045">
        <ele>1223.16</ele>
      </trkpt>
      <trkpt lat="48.78414739854634" lon="13.808795129880309">
        <ele>1228.09</ele>
      </trkpt>
      <trkpt lat="48.78391798585653" lon="13.808617936447263">
        <ele>1233.03</ele>
      </trkpt>
      <trkpt lat="48.78371296450496" lon="13.808420961722732">
        <ele>1237.97</ele>
      </trkpt>
      <trkpt lat="48.78346796147525" lon="13.808280983939767">
        <ele>1242.88</ele>
      </trkpt>
      <trkpt lat="48.78332999534905" lon="13.808119967579842">
        <ele>1247.74</ele>
      </trkpt>
      <trkpt lat="48.78322295844555" lon="13.807911928743124">
        <ele>1252.55</ele>
      </trkpt>
      <trkpt lat="48.78301592543721" lon="13.807694921270013">
        <ele>1257.36</ele>
      </trkpt>
      <trkpt lat="48.782871924340725" lon="13.807433992624283">
        <ele>1262.1</ele>
      </trkpt>
      <trkpt lat="48.78279992379248" lon="13.807245986536145">
        <ele>1266.69</ele>
      </trkpt>
      <trkpt lat="48.782783998176455" lon="13.807219918817282">
        <ele>1271.12</ele>
      </trkpt>
      <trkpt lat="48.78258031792939" lon="13.80686947144568">
        <ele>1275.7</ele>
      </trkpt>
      <trkpt lat="48.78237672150135" lon="13.806518940255046">
        <ele>1280.25</ele>
      </trkpt>
      <trkpt lat="48.78217396326363" lon="13.806169917806983">
        <ele>1284.61</ele>
      </trkpt>
      <trkpt lat="48.782000709325075" lon="13.80582969635725">
        <ele>1288.84</ele>
      </trkpt>
      <trkpt lat="48.78182737156749" lon="13.805489474907517">
        <ele>1292.99</ele>
      </trkpt>
      <trkpt lat="48.78165411762893" lon="13.805149253457785">
        <ele>1296.88</ele>
      </trkpt>
      <trkpt lat="48.781480863690376" lon="13.804809032008052">
        <ele>1300.57</ele>
      </trkpt>
      <trkpt lat="48.78130752593279" lon="13.804468810558319">
        <ele>1304.04</ele>
      </trkpt>
      <trkpt lat="48.78113594837487" lon="13.804131941869855">
        <ele>1307.23</ele>
      </trkpt>
      <trkpt lat="48.78110493533313" lon="13.804009146988392">
        <ele>1310.21</ele>
      </trkpt>
      <trkpt lat="48.781066965311766" lon="13.803858943283558">
        <ele>1313.0</ele>
      </trkpt>
      <trkpt lat="48.78113083541393" lon="13.803837317973375">
        <ele>1315.63</ele>
      </trkpt>
      <trkpt lat="48.78117894753814" lon="13.80382097326219">
        <ele>1318.07</ele>
      </trkpt>
      <trkpt lat="48.78142545931041" lon="13.803876461461186">
        <ele>1320.4</ele>
      </trkpt>
      <trkpt lat="48.78167197108269" lon="13.803931949660182">
        <ele>1322.5</ele>
      </trkpt>
      <trkpt lat="48.781837932765484" lon="13.803973942995071">
        <ele>1324.39</ele>
      </trkpt>
      <trkpt lat="48.781993919983506" lon="13.803954999893904">
        <ele>1326.1</ele>
      </trkpt>
      <trkpt lat="48.782209334895015" lon="13.803840922191739">
        <ele>1327.71</ele>
      </trkpt>
      <trkpt lat="48.78242466598749" lon="13.803726928308606">
        <ele>1329.14</ele>
      </trkpt>
      <trkpt lat="48.78263999707997" lon="13.803612934425473">
        <ele>1330.34</ele>
      </trkpt>
      <trkpt lat="48.78271493129432" lon="13.803573958575726">
        <ele>1331.37</ele>
      </trkpt>
      <trkpt lat="48.78283496014774" lon="13.80354294553399">
        <ele>1332.24</ele>
      </trkpt>
      <trkpt lat="48.783002933487296" lon="13.803572952747345">
        <ele>1332.92</ele>
      </trkpt>
      <trkpt lat="48.78307895734906" lon="13.803548980504274">
        <ele>1333.44</ele>
      </trkpt>
      <trkpt lat="48.78326905891299" lon="13.803389389067888">
        <ele>1333.8</ele>
      </trkpt>
      <trkpt lat="48.78345899283886" lon="13.803229965269566">
        <ele>1333.93</ele>
      </trkpt>
      <trkpt lat="48.78352998755872" lon="13.803161988034844">
        <ele>1333.88</ele>
      </trkpt>
      <trkpt lat="48.78358296118677" lon="13.803019998595119">
        <ele>1333.66</ele>
      </trkpt>
      <trkpt lat="48.78371497616172" lon="13.802835932001472">
        <ele>1333.28</ele>
      </trkpt>
      <trkpt lat="48.78370299004018" lon="13.80266192369163">
        <ele>1332.67</ele>
      </trkpt>
      <trkpt lat="48.78376392647624" lon="13.80248498171568">
        <ele>1331.84</ele>
      </trkpt>
      <trkpt lat="48.78397397696972" lon="13.80242194980383">
        <ele>1330.81</ele>
      </trkpt>
      <trkpt lat="48.784070955589414" lon="13.802396971732378">
        <ele>1329.57</ele>
      </trkpt>
      <trkpt lat="48.784349989145994" lon="13.802304938435555">
        <ele>1328.15</ele>
      </trkpt>
      <trkpt lat="48.78438896499574" lon="13.802302926778793">
        <ele>1326.41</ele>
      </trkpt>
      <trkpt lat="48.78453598357737" lon="13.802279960364103">
        <ele>1324.45</ele>
      </trkpt>
      <trkpt lat="48.78462097607553" lon="13.802223969250917">
        <ele>1322.19</ele>
      </trkpt>
      <trkpt lat="48.78475299105048" lon="13.802045937627554">
        <ele>1319.64</ele>
      </trkpt>
      <trkpt lat="48.78493915311992" lon="13.801807723939419">
        <ele>1316.74</ele>
      </trkpt>
      <trkpt lat="48.785124979913235" lon="13.801569929346442">
        <ele>1313.6</ele>
      </trkpt>
      <trkpt lat="48.785167979076505" lon="13.801551992073655">
        <ele>1310.29</ele>
      </trkpt>
      <trkpt lat="48.785381969064474" lon="13.80147697404027">
        <ele>1306.62</ele>
      </trkpt>
      <trkpt lat="48.78558196127415" lon="13.801320986822248">
        <ele>1302.71</ele>
      </trkpt>
      <trkpt lat="48.785858983173966" lon="13.801211938261986">
        <ele>1298.48</ele>
      </trkpt>
      <trkpt lat="48.7861109431833" lon="13.801152929663658">
        <ele>1293.91</ele>
      </trkpt>
      <trkpt lat="48.786202976480126" lon="13.801152929663658">
        <ele>1289.31</ele>
      </trkpt>
      <trkpt lat="48.786372961476445" lon="13.801201963797212">
        <ele>1284.28</ele>
      </trkpt>
      <trkpt lat="48.786542946472764" lon="13.801250997930765">
        <ele>1279.04</ele>
      </trkpt>
      <trkpt lat="48.78659592010081" lon="13.801227947697043">
        <ele>1273.86</ele>
      </trkpt>
      <trkpt lat="48.78665207885206" lon="13.800890576094389">
        <ele>1268.35</ele>
      </trkpt>
      <trkpt lat="48.78670798614621" lon="13.8005549646914">
        <ele>1262.65</ele>
      </trkpt>
      <trkpt lat="48.786754589527845" lon="13.800127822905779">
        <ele>1256.83</ele>
      </trkpt>
      <trkpt lat="48.786800941452384" lon="13.799702944234014">
        <ele>1250.93</ele>
      </trkpt>
      <trkpt lat="48.78683195449412" lon="13.799632955342531">
        <ele>1245.17</ele>
      </trkpt>
      <trkpt lat="48.78691493533552" lon="13.799173962324858">
        <ele>1239.04</ele>
      </trkpt>
      <trkpt lat="48.78700093366206" lon="13.79881395958364">
        <ele>1232.88</ele>
      </trkpt>
      <trkpt lat="48.78710419870913" lon="13.798500811681151">
        <ele>1226.83</ele>
      </trkpt>
      <trkpt lat="48.78720696084201" lon="13.798188921064138">
        <ele>1220.86</ele>
      </trkpt>
      <trkpt lat="48.787234956398606" lon="13.798005944117904">
        <ele>1214.99</ele>
      </trkpt>
      <trkpt lat="48.78731768578291" lon="13.797710314393044">
        <ele>1209.07</ele>
      </trkpt>
      <trkpt lat="48.787399996072054" lon="13.797415941953659">
        <ele>1203.25</ele>
      </trkpt>
      <trkpt lat="48.787469984963536" lon="13.797248974442482">
        <ele>1197.58</ele>
      </trkpt>
      <trkpt lat="48.787546092644334" lon="13.796994918957353">
        <ele>1191.95</ele>
      </trkpt>
      <trkpt lat="48.787621948868036" lon="13.796741953119636">
        <ele>1186.45</ele>
      </trkpt>
      <trkpt lat="48.78775195218623" lon="13.79649292677641">
        <ele>1181.1</ele>
      </trkpt>
      <trkpt lat="48.78794766962528" lon="13.79621934145689">
        <ele>1175.76</ele>
      </trkpt>
      <trkpt lat="48.78814338706434" lon="13.79594567231834">
        <ele>1170.5</ele>
      </trkpt>
      <trkpt lat="48.78833910450339" lon="13.795672003179789">
        <ele>1165.51</ele>
      </trkpt>
      <trkpt lat="48.78853490576148" lon="13.79539841786027">
        <ele>1160.69</ele>
      </trkpt>
      <trkpt lat="48.788730623200536" lon="13.795124748721719">
        <ele>1156.0</ele>
      </trkpt>
      <trkpt lat="48.788924999535084" lon="13.794852923601866">
        <ele>1151.5</ele>
      </trkpt>
      <trkpt lat="48.78909372724593" lon="13.794547989964485">
        <ele>1147.24</ele>
      </trkpt>
      <trkpt lat="48.78926195204258" lon="13.794243978336453">
        <ele>1143.17</ele>
      </trkpt>
      <trkpt lat="48.78940511494875" lon="13.794077346101403">
        <ele>1139.23</ele>
      </trkpt>
      <trkpt lat="48.78954794257879" lon="13.793910965323448">
        <ele>1135.5</ele>
      </trkpt>
      <trkpt lat="48.78973192535341" lon="13.79357392899692">
        <ele>1131.97</ele>
      </trkpt>
      <trkpt lat="48.7898516189307" lon="13.793354155495763">
        <ele>1128.75</ele>
      </trkpt>
      <trkpt lat="48.78997097723186" lon="13.793134968727827">
        <ele>1125.72</ele>
      </trkpt>
      <trkpt lat="48.79015722312033" lon="13.792838584631681">
        <ele>1122.88</ele>
      </trkpt>
      <trkpt lat="48.79034296609461" lon="13.792542954906821">
        <ele>1120.25</ele>
      </trkpt>
      <trkpt lat="48.790601966902614" lon="13.79230197519064">
        <ele>1117.66</ele>
      </trkpt>
      <trkpt lat="48.79065494053066" lon="13.792050937190652">
        <ele>1115.41</ele>
      </trkpt>
      <trkpt lat="48.79076197743416" lon="13.791779950261116">
        <ele>1113.24</ele>
      </trkpt>
      <trkpt lat="48.7909066490829" lon="13.791561182588339">
        <ele>1111.25</ele>
      </trkpt>
      <trkpt lat="48.79105098545551" lon="13.791342917829752">
        <ele>1109.39</ele>
      </trkpt>
      <trkpt lat="48.7911759596318" lon="13.791288938373327">
        <ele>1107.63</ele>
      </trkpt>
      <trkpt lat="48.79124293103814" lon="13.791305953636765">
        <ele>1106.05</ele>
      </trkpt>
      <trkpt lat="48.79136497154832" lon="13.791419947519898">
        <ele>1104.51</ele>
      </trkpt>
      <trkpt lat="48.79143093712628" lon="13.791472921147943">
        <ele>1103.17</ele>
      </trkpt>
      <trkpt lat="48.79160192795098" lon="13.791472921147943">
        <ele>1101.93</ele>
      </trkpt>
      <trkpt lat="48.79177291877568" lon="13.791472921147943">
        <ele>1100.83</ele>
      </trkpt>
      <trkpt lat="48.79190292209387" lon="13.791504940018058">
        <ele>1099.84</ele>
      </trkpt>
      <trkpt lat="48.79199696704745" lon="13.791554979979992">
        <ele>1098.93</ele>
      </trkpt>
      <trkpt lat="48.792154965922236" lon="13.791720941662788">
        <ele>1098.05</ele>
      </trkpt>
      <trkpt lat="48.79224699921906" lon="13.791772993281484">
        <ele>1097.27</ele>
      </trkpt>
      <trkpt lat="48.79240290261805" lon="13.791811969131231">
        <ele>1096.55</ele>
      </trkpt>
      <trkpt lat="48.792558973655105" lon="13.791850944980979">
        <ele>1095.88</ele>
      </trkpt>
      <trkpt lat="48.79265394061804" lon="13.79185396246612">
        <ele>1095.24</ele>
      </trkpt>
      <trkpt lat="48.79294093698263" lon="13.791682971641421">
        <ele>1094.58</ele>
      </trkpt>
      <trkpt lat="48.79314595833421" lon="13.791431933641434">
        <ele>1093.85</ele>
      </trkpt>
      <trkpt lat="48.793272944167256" lon="13.791142925620079">
        <ele>1093.1</ele>
      </trkpt>
      <trkpt lat="48.793348632752895" lon="13.790785605087876">
        <ele>1092.36</ele>
      </trkpt>
      <trkpt lat="48.79342398606241" lon="13.790429960936308">
        <ele>1091.67</ele>
      </trkpt>
      <trkpt lat="48.79345650784671" lon="13.790135169401765">
        <ele>1091.11</ele>
      </trkpt>
      <trkpt lat="48.79348894581199" lon="13.789841970428824">
        <ele>1090.55</ele>
      </trkpt>
      <trkpt lat="48.7934985011816" lon="13.789583221077919">
        <ele>1089.98</ele>
      </trkpt>
      <trkpt lat="48.793507972732186" lon="13.789325980469584">
        <ele>1089.43</ele>
      </trkpt>
      <trkpt lat="48.79356295801699" lon="13.789021968841553">
        <ele>1088.79</ele>
      </trkpt>
      <trkpt lat="48.79365717060864" lon="13.788628354668617">
        <ele>1088.08</ele>
      </trkpt>
      <trkpt lat="48.79375138320029" lon="13.788234740495682">
        <ele>1087.32</ele>
      </trkpt>
      <trkpt lat="48.79384492523968" lon="13.787843976169825">
        <ele>1086.41</ele>
      </trkpt>
      <trkpt lat="48.793933941051364" lon="13.787574917078018">
        <ele>1085.43</ele>
      </trkpt>
      <trkpt lat="48.79401893354952" lon="13.787437956780195">
        <ele>1084.27</ele>
      </trkpt>
      <trkpt lat="48.794149942696095" lon="13.787268977612257">
        <ele>1082.93</ele>
      </trkpt>
      <trkpt lat="48.794381618499756" lon="13.78704534843564">
        <ele>1081.51</ele>
      </trkpt>
      <trkpt lat="48.79461295902729" lon="13.786821970716119">
        <ele>1079.99</ele>
      </trkpt>
      <trkpt lat="48.79483248107135" lon="13.786713425070047">
        <ele>1078.27</ele>
      </trkpt>
      <trkpt lat="48.795051919296384" lon="13.786604963243008">
        <ele>1076.31</ele>
      </trkpt>
      <trkpt lat="48.79519751295447" lon="13.786496417596936">
        <ele>1074.2</ele>
      </trkpt>
      <trkpt lat="48.7953429389745" lon="13.786387955769897">
        <ele>1071.93</ele>
      </trkpt>
      <trkpt lat="48.79559791646898" lon="13.78611696884036">
        <ele>1069.42</ele>
      </trkpt>
      <trkpt lat="48.79577091895044" lon="13.785865930840373">
        <ele>1066.77</ele>
      </trkpt>
      <trkpt lat="48.79601617343724" lon="13.785596201196313">
        <ele>1063.91</ele>
      </trkpt>
      <trkpt lat="48.79626092500985" lon="13.785326974466443">
        <ele>1060.85</ele>
      </trkpt>
      <trkpt lat="48.79645605571568" lon="13.785138297826052">
        <ele>1057.7</ele>
      </trkpt>
      <trkpt lat="48.79665093496442" lon="13.784949956461787">
        <ele>1054.4</ele>
      </trkpt>
      <trkpt lat="48.796811951324344" lon="13.784727919846773">
        <ele>1050.92</ele>
      </trkpt>
      <trkpt lat="48.79693893715739" lon="13.78441795706749">
        <ele>1047.21</ele>
      </trkpt>
      <trkpt lat="48.79697598516941" lon="13.784219976514578">
        <ele>1043.39</ele>
      </trkpt>
      <trkpt lat="48.797014541924" lon="13.783845473080873">
        <ele>1039.3</ele>
      </trkpt>
      <trkpt lat="48.79705318249762" lon="13.78347096964717">
        <ele>1035.09</ele>
      </trkpt>
      <trkpt lat="48.79709173925221" lon="13.783096466213465">
        <ele>1030.77</ele>
      </trkpt>
      <trkpt lat="48.79712996073067" lon="13.782725986093283">
        <ele>1026.27</ele>
      </trkpt>
      <trkpt lat="48.79711328074336" lon="13.782275039702654">
        <ele>1021.65</ele>
      </trkpt>
      <trkpt lat="48.79709651693702" lon="13.781824177131057">
        <ele>1016.98</ele>
      </trkpt>
      <trkpt lat="48.79707992076874" lon="13.781376918777823">
        <ele>1012.11</ele>
      </trkpt>
      <trkpt lat="48.79705494269729" lon="13.780922954902053">
        <ele>1007.0</ele>
      </trkpt>
      <trkpt lat="48.79699928686023" lon="13.78060762770474">
        <ele>1002.02</ele>
      </trkpt>
      <trkpt lat="48.796943966299295" lon="13.78029397688806">
        <ele>997.01</ele>
      </trkpt>
      <trkpt lat="48.79685075953603" lon="13.77991234883666">
        <ele>991.95</ele>
      </trkpt>
      <trkpt lat="48.79675755277276" lon="13.779530804604292">
        <ele>986.85</ele>
      </trkpt>
      <trkpt lat="48.796664932742715" lon="13.779151942580938">
        <ele>981.86</ele>
      </trkpt>
      <trkpt lat="48.796554962173104" lon="13.77885396592319">
        <ele>976.97</ele>
      </trkpt>
      <trkpt lat="48.79651992581785" lon="13.778688926249743">
        <ele>972.24</ele>
      </trkpt>
      <trkpt lat="48.79650743678212" lon="13.778445264324546">
        <ele>967.59</ele>
      </trkpt>
      <trkpt lat="48.796494947746396" lon="13.778202943503857">
        <ele>962.99</ele>
      </trkpt>
      <trkpt lat="48.79653174430132" lon="13.777741687372327">
        <ele>958.47</ele>
      </trkpt>
      <trkpt lat="48.79656845703721" lon="13.777280515059829">
        <ele>954.04</ele>
      </trkpt>
      <trkpt lat="48.79660491831601" lon="13.776822946965694">
        <ele>949.73</ele>
      </trkpt>
      <trkpt lat="48.7967021483928" lon="13.776502758264542">
        <ele>945.55</ele>
      </trkpt>
      <trkpt lat="48.79679895937443" lon="13.776183994486928">
        <ele>941.6</ele>
      </trkpt>
      <trkpt lat="48.79690012894571" lon="13.775985091924667">
        <ele>937.88</ele>
      </trkpt>
      <trkpt lat="48.79700096324086" lon="13.775786943733692">
        <ele>934.43</ele>
      </trkpt>
      <trkpt lat="48.797121830284595" lon="13.775507071986794">
        <ele>931.12</ele>
      </trkpt>
      <trkpt lat="48.79724278114736" lon="13.775227284058928">
        <ele>928.05</ele>
      </trkpt>
      <trkpt lat="48.79736297763884" lon="13.774948921054602">
        <ele>925.23</ele>
      </trkpt>
      <trkpt lat="48.79744260571897" lon="13.774657817557454">
        <ele>922.64</ele>
      </trkpt>
      <trkpt lat="48.797521982342005" lon="13.774367971345782">
        <ele>920.34</ele>
      </trkpt>
      <trkpt lat="48.797414945438504" lon="13.774331929162145">
        <ele>918.46</ele>
      </trkpt>
      <trkpt lat="48.79719793796539" lon="13.774259258061647">
        <ele>916.85</ele>
      </trkpt>
      <trkpt lat="48.796981014311314" lon="13.774186670780182">
        <ele>915.55</ele>
      </trkpt>
      <trkpt lat="48.79676392301917" lon="13.774113999679685">
        <ele>914.56</ele>
      </trkpt>
      <trkpt lat="48.79660248756409" lon="13.774092961102724">
        <ele>913.82</ele>
      </trkpt>
      <trkpt lat="48.79644096828997" lon="13.774071922525764">
        <ele>913.35</ele>
      </trkpt>
      <trkpt lat="48.79620099440217" lon="13.774122968316078">
        <ele>913.19</ele>
      </trkpt>
      <trkpt lat="48.796023884788156" lon="13.774244505912066">
        <ele>913.31</ele>
      </trkpt>
      <trkpt lat="48.795846942812204" lon="13.774365959689021">
        <ele>913.67</ele>
      </trkpt>
      <trkpt lat="48.795588947832584" lon="13.774584978818893">
        <ele>914.34</ele>
      </trkpt>
      <trkpt lat="48.795349979773164" lon="13.774842973798513">
        <ele>915.31</ele>
      </trkpt>
      <trkpt lat="48.79521938972175" lon="13.774981526657939">
        <ele>916.53</ele>
      </trkpt>
      <trkpt lat="48.7950889673084" lon="13.775119995698333">
        <ele>917.93</ele>
      </trkpt>
      <trkpt lat="48.79493398591876" lon="13.775221919640899">
        <ele>919.5</ele>
      </trkpt>
      <trkpt lat="48.79470130428672" lon="13.775304649025202">
        <ele>921.28</ele>
      </trkpt>
      <trkpt lat="48.794468622654676" lon="13.775387294590473">
        <ele>923.27</ele>
      </trkpt>
      <trkpt lat="48.794235941022635" lon="13.775469940155745">
        <ele>925.49</ele>
      </trkpt>
      <trkpt lat="48.794086994603276" lon="13.775269947946072">
        <ele>927.6</ele>
      </trkpt>
      <trkpt lat="48.793870992958546" lon="13.775077918544412">
        <ele>929.9</ele>
      </trkpt>
      <trkpt lat="48.79373394884169" lon="13.775006923824549">
        <ele>932.45</ele>
      </trkpt>
      <trkpt lat="48.79362397827208" lon="13.775000972673297">
        <ele>935.22</ele>
      </trkpt>
      <trkpt lat="48.7935539893806" lon="13.774995943531394">
        <ele>938.2</ele>
      </trkpt>
      <trkpt lat="48.793441923335195" lon="13.774924948811531">
        <ele>941.28</ele>
      </trkpt>
      <trkpt lat="48.793352991342545" lon="13.774955961853266">
        <ele>944.75</ele>
      </trkpt>
      <trkpt lat="48.793274285271764" lon="13.775179423391819">
        <ele>948.63</ele>
      </trkpt>
      <trkpt lat="48.79319599829614" lon="13.775401962921023">
        <ele>952.69</ele>
      </trkpt>
      <trkpt lat="48.79304495640099" lon="13.775701951235533">
        <ele>956.99</ele>
      </trkpt>
      <trkpt lat="48.79294177517295" lon="13.775985511019826">
        <ele>961.26</ele>
      </trkpt>
      <trkpt lat="48.792838929221034" lon="13.776267981156707">
        <ele>965.66</ele>
      </trkpt>
      <trkpt lat="48.792687049135566" lon="13.776607615873218">
        <ele>970.28</ele>
      </trkpt>
      <trkpt lat="48.792535085231066" lon="13.776947166770697">
        <ele>975.06</ele>
      </trkpt>
      <trkpt lat="48.79238395951688" lon="13.77728495746851">
        <ele>979.85</ele>
      </trkpt>
      <trkpt lat="48.792302990332246" lon="13.777731964364648">
        <ele>984.69</ele>
      </trkpt>
      <trkpt lat="48.79218480549753" lon="13.777949307113886">
        <ele>989.47</ele>
      </trkpt>
      <trkpt lat="48.792066955938935" lon="13.77816597931087">
        <ele>994.27</ele>
      </trkpt>
      <trkpt lat="48.79189998842776" lon="13.778417939320207">
        <ele>999.12</ele>
      </trkpt>
      <trkpt lat="48.79169597290456" lon="13.778744917362928">
        <ele>1004.07</ele>
      </trkpt>
      <trkpt lat="48.79159178584814" lon="13.778956811875105">
        <ele>1009.07</ele>
      </trkpt>
      <trkpt lat="48.791487934067845" lon="13.779167952015996">
        <ele>1014.14</ele>
      </trkpt>
      <trkpt lat="48.79124041646719" lon="13.779448829591274">
        <ele>1019.28</ele>
      </trkpt>
      <trkpt lat="48.790992898866534" lon="13.779729790985584">
        <ele>1024.45</ele>
      </trkpt>
      <trkpt lat="48.7907459679991" lon="13.780009998008609">
        <ele>1029.62</ele>
      </trkpt>
      <trkpt lat="48.79053197801113" lon="13.78031694330275">
        <ele>1034.78</ele>
      </trkpt>
      <trkpt lat="48.790455954149365" lon="13.780511990189552">
        <ele>1039.94</ele>
      </trkpt>
      <trkpt lat="48.79038194194436" lon="13.780610980466008">
        <ele>1045.05</ele>
      </trkpt>
      <trkpt lat="48.79027498885989" lon="13.780837962403893">
        <ele>1050.34</ele>
      </trkpt>
      <trkpt lat="48.79018999636173" lon="13.78093795850873">
        <ele>1055.56</ele>
      </trkpt>
      <trkpt lat="48.7901259586215" lon="13.781099980697036">
        <ele>1060.82</ele>
      </trkpt>
      <trkpt lat="48.78997106105089" lon="13.781396448612213">
        <ele>1066.19</ele>
      </trkpt>
      <trkpt lat="48.78981616348028" lon="13.78169291652739">
        <ele>1071.55</ele>
      </trkpt>
      <trkpt lat="48.789661936461926" lon="13.781987959519029">
        <ele>1076.95</ele>
      </trkpt>
      <trkpt lat="48.78953495062888" lon="13.782371934503317">
        <ele>1082.35</ele>
      </trkpt>
      <trkpt lat="48.789413748309016" lon="13.782603861764073">
        <ele>1087.7</ele>
      </trkpt>
      <trkpt lat="48.789292965084314" lon="13.782834950834513">
        <ele>1093.08</ele>
      </trkpt>
      <trkpt lat="48.78919892013073" lon="13.78315094858408">
        <ele>1098.51</ele>
      </trkpt>
      <trkpt lat="48.789101941511035" lon="13.783330991864204">
        <ele>1103.8</ele>
      </trkpt>
      <trkpt lat="48.78909096121788" lon="13.783466946333647">
        <ele>1109.03</ele>
      </trkpt>
      <trkpt lat="48.7889879476279" lon="13.783850921317935">
        <ele>1114.41</ele>
      </trkpt>
      <trkpt lat="48.78884796984494" lon="13.784023923799396">
        <ele>1119.64</ele>
      </trkpt>
      <trkpt lat="48.78871972672641" lon="13.784323995932937">
        <ele>1124.9</ele>
      </trkpt>
      <trkpt lat="48.78859198652208" lon="13.784622978419065">
        <ele>1130.16</ele>
      </trkpt>
      <trkpt lat="48.788474975153804" lon="13.784838980063796">
        <ele>1135.35</ele>
      </trkpt>
      <trkpt lat="48.788419989869" lon="13.784882985055447">
        <ele>1140.39</ele>
      </trkpt>
      <trkpt lat="48.78840297460556" lon="13.78506294451654">
        <ele>1145.48</ele>
      </trkpt>
      <trkpt lat="48.788391994312406" lon="13.785159923136234">
        <ele>1150.5</ele>
      </trkpt>
      <trkpt lat="48.78827741369605" lon="13.785487320274115">
        <ele>1155.79</ele>
      </trkpt>
      <trkpt lat="48.788162833079696" lon="13.785814633592963">
        <ele>1160.9</ele>
      </trkpt>
      <trkpt lat="48.788048923015594" lon="13.78613993525505">
        <ele>1165.9</ele>
      </trkpt>
      <trkpt lat="48.78801497630775" lon="13.786332970485091">
        <ele>1170.71</ele>
      </trkpt>
      <trkpt lat="48.78787818364799" lon="13.786622481420636">
        <ele>1175.49</ele>
      </trkpt>
      <trkpt lat="48.78774197772145" lon="13.7869109865278">
        <ele>1180.3</ele>
      </trkpt>
      <trkpt lat="48.78760895691812" lon="13.787278952077031">
        <ele>1185.09</ele>
      </trkpt>
      <trkpt lat="48.78741793334484" lon="13.787528984248638">
        <ele>1189.66</ele>
      </trkpt>
      <trkpt lat="48.787303771823645" lon="13.787720762193203">
        <ele>1193.95</ele>
      </trkpt>
      <trkpt lat="48.787189945578575" lon="13.787911953404546">
        <ele>1198.11</ele>
      </trkpt>
      <trkpt lat="48.7870124168694" lon="13.78804950043559">
        <ele>1202.15</ele>
      </trkpt>
      <trkpt lat="48.78683497197926" lon="13.788186963647604">
        <ele>1206.11</ele>
      </trkpt>
      <trkpt lat="48.78665844909847" lon="13.788253935053945">
        <ele>1209.85</ele>
      </trkpt>
      <trkpt lat="48.786481926217675" lon="13.788320990279317">
        <ele>1213.41</ele>
      </trkpt>
      <trkpt lat="48.78632292151451" lon="13.78841444849968">
        <ele>1216.7</ele>
      </trkpt>
      <trkpt lat="48.78616391681135" lon="13.788507990539074">
        <ele>1219.78</ele>
      </trkpt>
      <trkpt lat="48.78595101647079" lon="13.788531962782145">
        <ele>1222.64</ele>
      </trkpt>
      <trkpt lat="48.78573794849217" lon="13.788555935025215">
        <ele>1225.27</ele>
      </trkpt>
      <trkpt lat="48.785682963207364" lon="13.788536991924047">
        <ele>1227.6</ele>
      </trkpt>
      <trkpt lat="48.78558296710253" lon="13.78858694806695">
        <ele>1229.73</ele>
      </trkpt>
      <trkpt lat="48.78550593741238" lon="13.788679987192154">
        <ele>1231.67</ele>
      </trkpt>
      <trkpt lat="48.78545899875462" lon="13.788850978016853">
        <ele>1233.41</ele>
      </trkpt>
      <trkpt lat="48.78538699820638" lon="13.788918955251575">
        <ele>1234.94</ele>
      </trkpt>
      <trkpt lat="48.78533796407282" lon="13.789162952452898">
        <ele>1236.33</ele>
      </trkpt>
      <trkpt lat="48.78537593409419" lon="13.789536952972412">
        <ele>1237.54</ele>
      </trkpt>
      <trkpt lat="48.78532296046615" lon="13.789804922416806">
        <ele>1238.62</ele>
      </trkpt>
      <trkpt lat="48.78533092327416" lon="13.789885975420475">
        <ele>1239.54</ele>
      </trkpt>
      <trkpt lat="48.78527996130288" lon="13.790054954588413">
        <ele>1240.32</ele>
      </trkpt>
      <trkpt lat="48.78531499765813" lon="13.79017892293632">
        <ele>1241.03</ele>
      </trkpt>
      <trkpt lat="48.785320948809385" lon="13.790337927639484">
        <ele>1241.64</ele>
      </trkpt>
      <trkpt lat="48.78528993576765" lon="13.790527945384383">
        <ele>1242.15</ele>
      </trkpt>
      <trkpt lat="48.78528297878802" lon="13.790878895670176">
        <ele>1242.7</ele>
      </trkpt>
      <trkpt lat="48.785275937989354" lon="13.791227918118238">
        <ele>1243.23</ele>
      </trkpt>
      <trkpt lat="48.78522497601807" lon="13.79142397083342">
        <ele>1243.66</ele>
      </trkpt>
      <trkpt lat="48.785233944654465" lon="13.791569983586669">
        <ele>1244.05</ele>
      </trkpt>
      <trkpt lat="48.78531198017299" lon="13.791644917801023">
        <ele>1244.44</ele>
      </trkpt>
      <trkpt lat="48.78533293493092" lon="13.79174399189651">
        <ele>1244.83</ele>
      </trkpt>
      <trkpt lat="48.78537098877132" lon="13.791797971352935">
        <ele>1245.23</ele>
      </trkpt>
      <trkpt lat="48.78543293103576" lon="13.79222092218697">
        <ele>1245.73</ele>
      </trkpt>
      <trkpt lat="48.785384986549616" lon="13.792548989877105">
        <ele>1246.27</ele>
      </trkpt>
      <trkpt lat="48.78527493216097" lon="13.792924918234348">
        <ele>1246.83</ele>
      </trkpt>
      <trkpt lat="48.78529999405146" lon="13.79333596676588">
        <ele>1247.53</ele>
      </trkpt>
      <trkpt lat="48.78527493216097" lon="13.793430933728814">
        <ele>1248.24</ele>
      </trkpt>
      <trkpt lat="48.785320948809385" lon="13.793653976172209">
        <ele>1249.09</ele>
      </trkpt>
      <trkpt lat="48.78530795685947" lon="13.79382697865367">
        <ele>1250.01</ele>
      </trkpt>
      <trkpt lat="48.78534693270922" lon="13.794202990829945">
        <ele>1251.08</ele>
      </trkpt>
      <trkpt lat="48.78523528575897" lon="13.794449418783188">
        <ele>1252.13</ele>
      </trkpt>
      <trkpt lat="48.785123974084854" lon="13.794694924727082">
        <ele>1253.3</ele>
      </trkpt>
      <trkpt lat="48.78511089831591" lon="13.79501586779952">
        <ele>1254.61</ele>
      </trkpt>
      <trkpt lat="48.78509790636599" lon="13.795336727052927">
        <ele>1256.02</ele>
      </trkpt>
      <trkpt lat="48.78508499823511" lon="13.79565498791635">
        <ele>1257.59</ele>
      </trkpt>
      <trkpt lat="48.78508164547384" lon="13.795980205759406">
        <ele>1259.29</ele>
      </trkpt>
      <trkpt lat="48.78507829271257" lon="13.796305423602462">
        <ele>1261.14</ele>
      </trkpt>
      <trkpt lat="48.7850749399513" lon="13.796627959236503">
        <ele>1263.15</ele>
      </trkpt>
      <trkpt lat="48.785071251913905" lon="13.796953177079558">
        <ele>1265.35</ele>
      </trkpt>
      <trkpt lat="48.78506764769554" lon="13.797278394922614">
        <ele>1267.66</ele>
      </trkpt>
      <trkpt lat="48.785063959658146" lon="13.797600930556655">
        <ele>1270.11</ele>
      </trkpt>
      <trkpt lat="48.78506027162075" lon="13.797925813123584">
        <ele>1272.61</ele>
      </trkpt>
      <trkpt lat="48.785056583583355" lon="13.798250695690513">
        <ele>1275.23</ele>
      </trkpt>
      <trkpt lat="48.78505297936499" lon="13.798572979867458">
        <ele>1277.9</ele>
      </trkpt>
      <trkpt lat="48.78500746563077" lon="13.798936922103167">
        <ele>1280.69</ele>
      </trkpt>
      <trkpt lat="48.78496203571558" lon="13.799300864338875">
        <ele>1283.54</ele>
      </trkpt>
      <trkpt lat="48.78491694107652" lon="13.799661956727505">
        <ele>1286.31</ele>
      </trkpt>
      <trkpt lat="48.784871846437454" lon="13.800025898963213">
        <ele>1289.1</ele>
      </trkpt>
      <trkpt lat="48.78482675179839" lon="13.800389841198921">
        <ele>1291.93</ele>
      </trkpt>
      <trkpt lat="48.784781992435455" lon="13.800750933587551">
        <ele>1294.75</ele>
      </trkpt>
      <trkpt lat="48.784736478701234" lon="13.801114540547132">
        <ele>1297.37</ele>
      </trkpt>
      <trkpt lat="48.784691048786044" lon="13.801478231325746">
        <ele>1299.93</ele>
      </trkpt>
      <trkpt lat="48.78464595414698" lon="13.801838988438249">
        <ele>1302.3</ele>
      </trkpt>
      <trkpt lat="48.78461695276201" lon="13.801876958459616">
        <ele>1304.42</ele>
      </trkpt>
      <trkpt lat="48.78457194194198" lon="13.80190595984459">
        <ele>1306.41</ele>
      </trkpt>
      <trkpt lat="48.78454897552729" lon="13.801890956237912">
        <ele>1308.24</ele>
      </trkpt>
      <trkpt lat="48.7844879552722" lon="13.801953988149762">
        <ele>1309.93</ele>
      </trkpt>
      <trkpt lat="48.78442492336035" lon="13.802111987024546">
        <ele>1311.47</ele>
      </trkpt>
      <trkpt lat="48.78442098386586" lon="13.802195973694324">
        <ele>1312.85</ele>
      </trkpt>
      <trkpt lat="48.78438896499574" lon="13.802302926778793">
        <ele>1326.41</ele>
      </trkpt>
      <trkpt lat="48.784349989145994" lon="13.802304938435555">
        <ele>1328.15</ele>
      </trkpt>
      <trkpt lat="48.784070955589414" lon="13.802396971732378">
        <ele>1329.57</ele>
      </trkpt>
      <trkpt lat="48.78397397696972" lon="13.80242194980383">
        <ele>1330.81</ele>
      </trkpt>
      <trkpt lat="48.78376392647624" lon="13.80248498171568">
        <ele>1331.84</ele>
      </trkpt>
      <trkpt lat="48.78370299004018" lon="13.80266192369163">
        <ele>1332.67</ele>
      </trkpt>
      <trkpt lat="48.78371497616172" lon="13.802835932001472">
        <ele>1333.28</ele>
      </trkpt>
      <trkpt lat="48.78358296118677" lon="13.803019998595119">
        <ele>1333.66</ele>
      </trkpt>
      <trkpt lat="48.78352998755872" lon="13.803161988034844">
        <ele>1333.88</ele>
      </trkpt>
      <trkpt lat="48.78345899283886" lon="13.803229965269566">
        <ele>1333.93</ele>
      </trkpt>
      <trkpt lat="48.78326889127493" lon="13.803389556705952">
        <ele>1317.02</ele>
      </trkpt>
      <trkpt lat="48.78307895734906" lon="13.803548980504274">
        <ele>1333.44</ele>
      </trkpt>
      <trkpt lat="48.783002933487296" lon="13.803572952747345">
        <ele>1332.92</ele>
      </trkpt>
      <trkpt lat="48.78283496014774" lon="13.80354294553399">
        <ele>1332.24</ele>
      </trkpt>
      <trkpt lat="48.78271493129432" lon="13.803573958575726">
        <ele>1331.37</ele>
      </trkpt>
      <trkpt lat="48.78263999707997" lon="13.803612934425473">
        <ele>1330.34</ele>
      </trkpt>
      <trkpt lat="48.78242458216846" lon="13.803727012127638">
        <ele>1312.24</ele>
      </trkpt>
      <trkpt lat="48.78220925107598" lon="13.80384100601077">
        <ele>1311.03</ele>
      </trkpt>
      <trkpt lat="48.781993919983506" lon="13.803954999893904">
        <ele>1326.1</ele>
      </trkpt>
      <trkpt lat="48.781837932765484" lon="13.803973942995071">
        <ele>1324.39</ele>
      </trkpt>
      <trkpt lat="48.78167197108269" lon="13.803931949660182">
        <ele>1322.5</ele>
      </trkpt>
      <trkpt lat="48.78142545931041" lon="13.803876461461186">
        <ele>1305.52</ele>
      </trkpt>
      <trkpt lat="48.78117894753814" lon="13.80382097326219">
        <ele>1318.07</ele>
      </trkpt>
      <trkpt lat="48.781066965311766" lon="13.803858943283558">
        <ele>1302.33</ele>
      </trkpt>
      <trkpt lat="48.78098540939391" lon="13.803840251639485">
        <ele>1300.7</ele>
      </trkpt>
      <trkpt lat="48.78092296421528" lon="13.803825918585062">
        <ele>1299.05</ele>
      </trkpt>
      <trkpt lat="48.78083797171712" lon="13.803743943572044">
        <ele>1297.38</ele>
      </trkpt>
      <trkpt lat="48.78082590177655" lon="13.804015684872866">
        <ele>1295.74</ele>
      </trkpt>
      <trkpt lat="48.78081399947405" lon="13.804285917431116">
        <ele>1294.09</ele>
      </trkpt>
      <trkpt lat="48.78071098588407" lon="13.804453974589705">
        <ele>1292.4</ele>
      </trkpt>
      <trkpt lat="48.780722972005606" lon="13.804596969857812">
        <ele>1290.81</ele>
      </trkpt>
      <trkpt lat="48.78070796839893" lon="13.804664947092533">
        <ele>1289.28</ele>
      </trkpt>
      <trkpt lat="48.78051065839827" lon="13.805016484111547">
        <ele>1287.64</ele>
      </trkpt>
      <trkpt lat="48.780313935130835" lon="13.80536693148315">
        <ele>1286.05</ele>
      </trkpt>
      <trkpt lat="48.78021075390279" lon="13.805560301989317">
        <ele>1284.67</ele>
      </trkpt>
      <trkpt lat="48.78010799176991" lon="13.805752918124199">
        <ele>1283.45</ele>
      </trkpt>
      <trkpt lat="48.77997798845172" lon="13.805835982784629">
        <ele>1282.38</ele>
      </trkpt>
      <trkpt lat="48.77992493100464" lon="13.805980989709496">
        <ele>1281.49</ele>
      </trkpt>
      <trkpt lat="48.77984798513353" lon="13.80609791725874">
        <ele>1280.76</ele>
      </trkpt>
      <trkpt lat="48.779719742015004" lon="13.806368401274085">
        <ele>1280.09</ele>
      </trkpt>
      <trkpt lat="48.77959191799164" lon="13.806637963280082">
        <ele>1279.63</ele>
      </trkpt>
      <trkpt lat="48.77944095991552" lon="13.806902999058366">
        <ele>1279.37</ele>
      </trkpt>
      <trkpt lat="48.77943794243038" lon="13.806906938552856">
        <ele>1279.39</ele>
      </trkpt>
      <trkpt lat="48.77923761494458" lon="13.807269539684057">
        <ele>1279.54</ele>
      </trkpt>
      <trkpt lat="48.77903795801103" lon="13.807630967348814">
        <ele>1280.04</ele>
      </trkpt>
      <trkpt lat="48.779025971889496" lon="13.807647982612252">
        <ele>1280.65</ele>
      </trkpt>
      <trkpt lat="48.778885239735246" lon="13.807901367545128">
        <ele>1281.54</ele>
      </trkpt>
      <trkpt lat="48.778744926676154" lon="13.808153998106718">
        <ele>1282.62</ele>
      </trkpt>
      <trkpt lat="48.77869798801839" lon="13.808230943977833">
        <ele>1283.81</ele>
      </trkpt>
      <trkpt lat="48.77867694944143" lon="13.808268997818232">
        <ele>1285.15</ele>
      </trkpt>
      <trkpt lat="48.778618946671486" lon="13.808336975052953">
        <ele>1286.64</ele>
      </trkpt>
      <trkpt lat="48.77847293391824" lon="13.808553982526064">
        <ele>1288.42</ele>
      </trkpt>
      <trkpt lat="48.7782415933907" lon="13.808791441842914">
        <ele>1290.39</ele>
      </trkpt>
      <trkpt lat="48.77801025286317" lon="13.809028984978795">
        <ele>1292.53</ele>
      </trkpt>
      <trkpt lat="48.777778912335634" lon="13.809266528114676">
        <ele>1294.69</ele>
      </trkpt>
      <trkpt lat="48.77754765562713" lon="13.809503987431526">
        <ele>1296.91</ele>
      </trkpt>
      <trkpt lat="48.7773163150996" lon="13.809741530567408">
        <ele>1299.22</ele>
      </trkpt>
      <trkpt lat="48.77708598040044" lon="13.809977984055877">
        <ele>1301.53</ele>
      </trkpt>
      <trkpt lat="48.77688506618142" lon="13.810220556333661">
        <ele>1303.85</ele>
      </trkpt>
      <trkpt lat="48.77668423578143" lon="13.810463128611445">
        <ele>1306.2</ele>
      </trkpt>
      <trkpt lat="48.77648399211466" lon="13.810704946517944">
        <ele>1308.51</ele>
      </trkpt>
      <trkpt lat="48.77634795382619" lon="13.810733947902918">
        <ele>1310.63</ele>
      </trkpt>
      <trkpt lat="48.776173777878284" lon="13.810981884598732">
        <ele>1312.83</ele>
      </trkpt>
      <trkpt lat="48.77599951811135" lon="13.811229905113578">
        <ele>1315.09</ele>
      </trkpt>
      <trkpt lat="48.775825928896666" lon="13.811476919800043">
        <ele>1317.33</ele>
      </trkpt>
      <trkpt lat="48.775590816512704" lon="13.81168831139803">
        <ele>1319.32</ele>
      </trkpt>
      <trkpt lat="48.77535570412874" lon="13.811899619176984">
        <ele>1321.24</ele>
      </trkpt>
      <trkpt lat="48.77512059174478" lon="13.812110926955938">
        <ele>1323.11</ele>
      </trkpt>
      <trkpt lat="48.77488539554179" lon="13.812322234734893">
        <ele>1324.84</ele>
      </trkpt>
      <trkpt lat="48.77465095371008" lon="13.812532955780625">
        <ele>1326.37</ele>
      </trkpt>
      <trkpt lat="48.77443193458021" lon="13.812698917463422">
        <ele>1327.74</ele>
      </trkpt>
      <trkpt lat="48.77436798065901" lon="13.812761949375272">
        <ele>1329.04</ele>
      </trkpt>
      <trkpt lat="48.77411392517388" lon="13.813023967668414">
        <ele>1330.18</ele>
      </trkpt>
      <trkpt lat="48.77400395460427" lon="13.813195964321494">
        <ele>1331.28</ele>
      </trkpt>
      <trkpt lat="48.773946119472384" lon="13.813615059480071">
        <ele>1332.29</ele>
      </trkpt>
      <trkpt lat="48.77388836815953" lon="13.814034154638648">
        <ele>1333.25</ele>
      </trkpt>
      <trkpt lat="48.77383053302765" lon="13.814453249797225">
        <ele>1334.15</ele>
      </trkpt>
      <trkpt lat="48.773772697895765" lon="13.814872344955802">
        <ele>1334.93</ele>
      </trkpt>
      <trkpt lat="48.77371486276388" lon="13.815291440114379">
        <ele>1335.61</ele>
      </trkpt>
      <trkpt lat="48.77365794964135" lon="13.815703997388482">
        <ele>1336.26</ele>
      </trkpt>
      <trkpt lat="48.77359181642532" lon="13.816015385091305">
        <ele>1336.89</ele>
      </trkpt>
      <trkpt lat="48.77352559939027" lon="13.81632685661316">
        <ele>1337.49</ele>
      </trkpt>
      <trkpt lat="48.773459969088435" lon="13.816635981202126">
        <ele>1338.08</ele>
      </trkpt>
      <trkpt lat="48.773358296602964" lon="13.81704954430461">
        <ele>1338.61</ele>
      </trkpt>
      <trkpt lat="48.773256707936525" lon="13.817463107407093">
        <ele>1339.18</ele>
      </trkpt>
      <trkpt lat="48.773155035451055" lon="13.817876754328609">
        <ele>1339.86</ele>
      </trkpt>
      <trkpt lat="48.773053446784616" lon="13.818290317431092">
        <ele>1340.62</ele>
      </trkpt>
      <trkpt lat="48.772951774299145" lon="13.818703880533576">
        <ele>1341.43</ele>
      </trkpt>
      <trkpt lat="48.772850185632706" lon="13.819117527455091">
        <ele>1342.3</ele>
      </trkpt>
      <trkpt lat="48.772748513147235" lon="13.819531090557575">
        <ele>1343.21</ele>
      </trkpt>
      <trkpt lat="48.772646840661764" lon="13.819944653660059">
        <ele>1344.18</ele>
      </trkpt>
      <trkpt lat="48.772545251995325" lon="13.820358300581574">
        <ele>1345.26</ele>
      </trkpt>
      <trkpt lat="48.77244592644274" lon="13.820761973038316">
        <ele>1346.23</ele>
      </trkpt>
      <trkpt lat="48.77240292727947" lon="13.821150977164507">
        <ele>1347.31</ele>
      </trkpt>
      <trkpt lat="48.77239697612822" lon="13.821605360135436">
        <ele>1348.43</ele>
      </trkpt>
      <trkpt lat="48.77239094115794" lon="13.822059826925397">
        <ele>1349.64</ele>
      </trkpt>
      <trkpt lat="48.77238490618765" lon="13.822514293715358">
        <ele>1350.9</ele>
      </trkpt>
      <trkpt lat="48.77237887121737" lon="13.822968760505319">
        <ele>1352.18</ele>
      </trkpt>
      <trkpt lat="48.77237292006612" lon="13.8234169408679">
        <ele>1353.51</ele>
      </trkpt>
      <trkpt lat="48.77235339023173" lon="13.823824049904943">
        <ele>1354.8</ele>
      </trkpt>
      <trkpt lat="48.77233394421637" lon="13.82422897964716">
        <ele>1356.04</ele>
      </trkpt>
      <trkpt lat="48.77228105440736" lon="13.824660060927272">
        <ele>1357.33</ele>
      </trkpt>
      <trkpt lat="48.772228080779314" lon="13.825091226026416">
        <ele>1358.54</ele>
      </trkpt>
      <trkpt lat="48.7721751909703" lon="13.82552239112556">
        <ele>1359.61</ele>
      </trkpt>
      <trkpt lat="48.77212221734226" lon="13.825953472405672">
        <ele>1360.63</ele>
      </trkpt>
      <trkpt lat="48.7720699980855" lon="13.82637893781066">
        <ele>1361.54</ele>
      </trkpt>
      <trkpt lat="48.77213998697698" lon="13.826598962768912">
        <ele>1362.39</ele>
      </trkpt>
      <trkpt lat="48.77214099280536" lon="13.826791997998953">
        <ele>1363.19</ele>
      </trkpt>
      <trkpt lat="48.77202699892223" lon="13.82719399407506">
        <ele>1363.88</ele>
      </trkpt>
      <trkpt lat="48.77188794314861" lon="13.82743095047772">
        <ele>1364.49</ele>
      </trkpt>
      <trkpt lat="48.771739918738604" lon="13.827837305143476">
        <ele>1365.1</ele>
      </trkpt>
      <trkpt lat="48.771591894328594" lon="13.828243659809232">
        <ele>1365.57</ele>
      </trkpt>
      <trkpt lat="48.77144378609955" lon="13.828649930655956">
        <ele>1366.01</ele>
      </trkpt>
      <trkpt lat="48.77129693515599" lon="13.829052932560444">
        <ele>1366.36</ele>
      </trkpt>
      <trkpt lat="48.771214289590716" lon="13.829434141516685">
        <ele>1366.61</ele>
      </trkpt>
      <trkpt lat="48.77113156020641" lon="13.829815350472927">
        <ele>1366.63</ele>
      </trkpt>
      <trkpt lat="48.77104883082211" lon="13.830196475610137">
        <ele>1366.56</ele>
      </trkpt>
      <trkpt lat="48.770966939628124" lon="13.830573996528983">
        <ele>1366.32</ele>
      </trkpt>
      <trkpt lat="48.77087876200676" lon="13.830982949584723">
        <ele>1365.96</ele>
      </trkpt>
      <trkpt lat="48.77079091966152" lon="13.831389974802732">
        <ele>1365.4</ele>
      </trkpt>
      <trkpt lat="48.770774491131306" lon="13.831807393580675">
        <ele>1364.9</ele>
      </trkpt>
      <trkpt lat="48.77075797878206" lon="13.832224812358618">
        <ele>1364.3</ele>
      </trkpt>
      <trkpt lat="48.77074155025184" lon="13.83264223113656">
        <ele>1363.62</ele>
      </trkpt>
      <trkpt lat="48.770725121721625" lon="13.833059649914503">
        <ele>1362.83</ele>
      </trkpt>
      <trkpt lat="48.77070860937238" lon="13.833477068692446">
        <ele>1361.93</ele>
      </trkpt>
      <trkpt lat="48.77069218084216" lon="13.833894487470388">
        <ele>1360.94</ele>
      </trkpt>
      <trkpt lat="48.77067591995001" lon="13.834303943440318">
        <ele>1359.79</ele>
      </trkpt>
      <trkpt lat="48.77069838345051" lon="13.834722451865673">
        <ele>1358.55</ele>
      </trkpt>
      <trkpt lat="48.77072084695101" lon="13.83514104411006">
        <ele>1357.25</ele>
      </trkpt>
      <trkpt lat="48.77074331045151" lon="13.835559552535415">
        <ele>1355.81</ele>
      </trkpt>
      <trkpt lat="48.77076577395201" lon="13.83597806096077">
        <ele>1354.25</ele>
      </trkpt>
      <trkpt lat="48.77078798599541" lon="13.836390953511">
        <ele>1352.68</ele>
      </trkpt>
      <trkpt lat="48.77080097794533" lon="13.836630089208484">
        <ele>1350.94</ele>
      </trkpt>
      <trkpt lat="48.770813969895244" lon="13.836867967620492">
        <ele>1349.11</ele>
      </trkpt>
      <trkpt lat="48.77092578448355" lon="13.837247248739004">
        <ele>1347.13</ele>
      </trkpt>
      <trkpt lat="48.77103759907186" lon="13.837626529857516">
        <ele>1345.01</ele>
      </trkpt>
      <trkpt lat="48.77114941366017" lon="13.838005810976028">
        <ele>1342.87</ele>
      </trkpt>
      <trkpt lat="48.77126122824848" lon="13.83838509209454">
        <ele>1340.69</ele>
      </trkpt>
      <trkpt lat="48.77137312665582" lon="13.838764289394021">
        <ele>1338.42</ele>
      </trkpt>
      <trkpt lat="48.771484941244125" lon="13.839143570512533">
        <ele>1336.12</ele>
      </trkpt>
      <trkpt lat="48.77159499563277" lon="13.839516984298825">
        <ele>1333.76</ele>
      </trkpt>
      <trkpt lat="48.7713479809463" lon="13.839476499706507">
        <ele>1331.42</ele>
      </trkpt>
      <trkpt lat="48.77110096625984" lon="13.839435931295156">
        <ele>1328.98</ele>
      </trkpt>
      <trkpt lat="48.77102494239807" lon="13.839387986809015">
        <ele>1326.57</ele>
      </trkpt>
      <trkpt lat="48.77087599597871" lon="13.839199980720878">
        <ele>1324.13</ele>
      </trkpt>
      <trkpt lat="48.77076828852296" lon="13.839015159755945">
        <ele>1321.72</ele>
      </trkpt>
      <trkpt lat="48.77066091634333" lon="13.838830925524235">
        <ele>1319.39</ele>
      </trkpt>
      <trkpt lat="48.77051683142781" lon="13.838681308552623">
        <ele>1317.04</ele>
      </trkpt>
      <trkpt lat="48.77037299796939" lon="13.838531943038106">
        <ele>1314.71</ele>
      </trkpt>
      <trkpt lat="48.770129922777414" lon="13.83836799301207">
        <ele>1312.39</ele>
      </trkpt>
      <trkpt lat="48.76997393555939" lon="13.838351983577013">
        <ele>1309.97</ele>
      </trkpt>
      <trkpt lat="48.769851978868246" lon="13.838397916406393">
        <ele>1307.55</ele>
      </trkpt>
      <trkpt lat="48.76971493475139" lon="13.838379979133606">
        <ele>1305.18</ele>
      </trkpt>
      <trkpt lat="48.76949097029865" lon="13.8382369838655">
        <ele>1302.8</ele>
      </trkpt>
      <trkpt lat="48.769341353327036" lon="13.83809583261609">
        <ele>1300.55</ele>
      </trkpt>
      <trkpt lat="48.76919198781252" lon="13.837954932823777">
        <ele>1298.37</ele>
      </trkpt>
      <trkpt lat="48.769019236788154" lon="13.837719233706594">
        <ele>1296.29</ele>
      </trkpt>
      <trkpt lat="48.76884698867798" lon="13.837483953684568">
        <ele>1294.34</ele>
      </trkpt>
      <trkpt lat="48.7687061727047" lon="13.83716988377273">
        <ele>1292.58</ele>
      </trkpt>
      <trkpt lat="48.76856594346464" lon="13.836856987327337">
        <ele>1290.87</ele>
      </trkpt>
      <trkpt lat="48.76848195679486" lon="13.836592957377434">
        <ele>1289.43</ele>
      </trkpt>
      <trkpt lat="48.76848648302257" lon="13.836326245218515">
        <ele>1288.29</ele>
      </trkpt>
      <trkpt lat="48.76849092543125" lon="13.836060957983136">
        <ele>1287.3</ele>
      </trkpt>
      <trkpt lat="48.768452955409884" lon="13.835802963003516">
        <ele>1286.5</ele>
      </trkpt>
      <trkpt lat="48.768495954573154" lon="13.835758958011866">
        <ele>1285.99</ele>
      </trkpt>
      <trkpt lat="48.76857399009168" lon="13.835537927225232">
        <ele>1285.7</ele>
      </trkpt>
      <trkpt lat="48.768779933452606" lon="13.835360985249281">
        <ele>1285.83</ele>
      </trkpt>
      <trkpt lat="48.76888864673674" lon="13.835113970562816">
        <ele>1285.88</ele>
      </trkpt>
      <trkpt lat="48.76899694092572" lon="13.834867961704731">
        <ele>1286.1</ele>
      </trkpt>
      <trkpt lat="48.76903960481286" lon="13.834437299519777">
        <ele>1286.39</ele>
      </trkpt>
      <trkpt lat="48.76908193342388" lon="13.834008984267712">
        <ele>1286.77</ele>
      </trkpt>
      <trkpt lat="48.76905192621052" lon="13.833700949326158">
        <ele>1287.19</ele>
      </trkpt>
      <trkpt lat="48.769100960344076" lon="13.833356956019998">
        <ele>1287.86</ele>
      </trkpt>
      <trkpt lat="48.76906198449433" lon="13.833173979073763">
        <ele>1288.41</ele>
      </trkpt>
      <trkpt lat="48.769055949524045" lon="13.832708951085806">
        <ele>1289.05</ele>
      </trkpt>
      <trkpt lat="48.769074473530054" lon="13.832443747669458">
        <ele>1289.92</ele>
      </trkpt>
      <trkpt lat="48.76909299753606" lon="13.83217996917665">
        <ele>1290.87</ele>
      </trkpt>
      <trkpt lat="48.76908495090902" lon="13.831864558160305">
        <ele>1291.77</ele>
      </trkpt>
      <trkpt lat="48.769076988101006" lon="13.831550991162658">
        <ele>1292.79</ele>
      </trkpt>
      <trkpt lat="48.7691065762192" lon="13.8312466442585">
        <ele>1293.92</ele>
      </trkpt>
      <trkpt lat="48.76913599669933" lon="13.830943973734975">
        <ele>1295.01</ele>
      </trkpt>
      <trkpt lat="48.769183941185474" lon="13.830730989575386">
        <ele>1296.15</ele>
      </trkpt>
      <trkpt lat="48.76926097087562" lon="13.830613978207111">
        <ele>1297.46</ele>
      </trkpt>
      <trkpt lat="48.76927949488163" lon="13.830330669879913">
        <ele>1298.61</ele>
      </trkpt>
      <trkpt lat="48.76929793506861" lon="13.830048954114318">
        <ele>1299.83</ele>
      </trkpt>
      <trkpt lat="48.76940815709531" lon="13.82973580621183">
        <ele>1301.33</ele>
      </trkpt>
      <trkpt lat="48.76951796002686" lon="13.829423999413848">
        <ele>1303.0</ele>
      </trkpt>
      <trkpt lat="48.769581159576774" lon="13.82907036691904">
        <ele>1304.27</ele>
      </trkpt>
      <trkpt lat="48.769644275307655" lon="13.828716818243265">
        <ele>1305.44</ele>
      </trkpt>
      <trkpt lat="48.76970697194338" lon="13.828365951776505">
        <ele>1306.59</ele>
      </trkpt>
      <trkpt lat="48.769741924479604" lon="13.82824994623661">
        <ele>1307.74</ele>
      </trkpt>
      <trkpt lat="48.76975692808628" lon="13.828197978436947">
        <ele>1308.84</ele>
      </trkpt>
      <trkpt lat="48.76986094750464" lon="13.82805498316884">
        <ele>1309.99</ele>
      </trkpt>
      <trkpt lat="48.770040990784764" lon="13.827664973214269">
        <ele>1311.11</ele>
      </trkpt>
      <trkpt lat="48.77009497024119" lon="13.827356938272715">
        <ele>1312.1</ele>
      </trkpt>
      <trkpt lat="48.77009798772633" lon="13.826983943581581">
        <ele>1312.84</ele>
      </trkpt>
      <trkpt lat="48.77020795829594" lon="13.826749920845032">
        <ele>1313.76</ele>
      </trkpt>
      <trkpt lat="48.77025296911597" lon="13.826579935848713">
        <ele>1314.42</ele>
      </trkpt>
      <trkpt lat="48.77030912786722" lon="13.826271649450064">
        <ele>1314.92</ele>
      </trkpt>
      <trkpt lat="48.770364951342344" lon="13.825964955613017">
        <ele>1315.43</ele>
      </trkpt>
      <trkpt lat="48.77046721056104" lon="13.82554342970252">
        <ele>1315.79</ele>
      </trkpt>
      <trkpt lat="48.77056896686554" lon="13.825123999267817">
        <ele>1316.07</ele>
      </trkpt>
      <trkpt lat="48.77057399600744" lon="13.824922917410731">
        <ele>1316.28</ele>
      </trkpt>
      <trkpt lat="48.7706349324435" lon="13.824533997103572">
        <ele>1316.54</ele>
      </trkpt>
      <trkpt lat="48.770724115893245" lon="13.824277427047491">
        <ele>1316.75</ele>
      </trkpt>
      <trkpt lat="48.77081296406686" lon="13.824021946638823">
        <ele>1316.79</ele>
      </trkpt>
      <trkpt lat="48.770816987380385" lon="13.823894960805774">
        <ele>1316.65</ele>
      </trkpt>
      <trkpt lat="48.77084598876536" lon="13.823804939165711">
        <ele>1316.48</ele>
      </trkpt>
      <trkpt lat="48.770839953795075" lon="13.8234169408679">
        <ele>1316.06</ele>
      </trkpt>
      <trkpt lat="48.77086903899908" lon="13.823080072179437">
        <ele>1315.63</ele>
      </trkpt>
      <trkpt lat="48.77089795656502" lon="13.822744963690639">
        <ele>1315.13</ele>
      </trkpt>
      <trkpt lat="48.770940033718944" lon="13.822507336735725">
        <ele>1314.63</ele>
      </trkpt>
      <trkpt lat="48.7709819432348" lon="13.822270967066288">
        <ele>1314.09</ele>
      </trkpt>
      <trkpt lat="48.771009016782045" lon="13.821939043700695">
        <ele>1313.44</ele>
      </trkpt>
      <trkpt lat="48.771035922691226" lon="13.8216089643538">
        <ele>1312.71</ele>
      </trkpt>
      <trkpt lat="48.7710770778358" lon="13.821333283558488">
        <ele>1311.95</ele>
      </trkpt>
      <trkpt lat="48.771117981523275" lon="13.821058943867683">
        <ele>1311.13</ele>
      </trkpt>
      <trkpt lat="48.77114656381309" lon="13.82058972492814">
        <ele>1310.17</ele>
      </trkpt>
      <trkpt lat="48.77117497846484" lon="13.820122936740518">
        <ele>1309.19</ele>
      </trkpt>
      <trkpt lat="48.771250918507576" lon="13.819836946204305">
        <ele>1308.36</ele>
      </trkpt>
      <trkpt lat="48.77130372449756" lon="13.819521116092801">
        <ele>1307.49</ele>
      </trkpt>
      <trkpt lat="48.77135653048754" lon="13.81920536980033">
        <ele>1306.61</ele>
      </trkpt>
      <trkpt lat="48.77140891738236" lon="13.818891970440745">
        <ele>1305.64</ele>
      </trkpt>
      <trkpt lat="48.77140296623111" lon="13.818443957716227">
        <ele>1304.56</ele>
      </trkpt>
      <trkpt lat="48.771444959566" lon="13.818271961063147">
        <ele>1303.72</ele>
      </trkpt>
      <trkpt lat="48.77150748856366" lon="13.817857224494219">
        <ele>1302.83</ele>
      </trkpt>
      <trkpt lat="48.771569933742285" lon="13.817442487925291">
        <ele>1302.01</ele>
      </trkpt>
      <trkpt lat="48.771631959825754" lon="13.817030936479568">
        <ele>1301.22</ele>
      </trkpt>
      <trkpt lat="48.77162299118936" lon="13.816854916512966">
        <ele>1300.44</ele>
      </trkpt>
      <trkpt lat="48.771720975637436" lon="13.816507989540696">
        <ele>1299.8</ele>
      </trkpt>
      <trkpt lat="48.77173396758735" lon="13.816235745325685">
        <ele>1299.23</ele>
      </trkpt>
      <trkpt lat="48.77174695953727" lon="13.815964926034212">
        <ele>1298.61</ele>
      </trkpt>
      <trkpt lat="48.77183094620705" lon="13.815805921331048">
        <ele>1298.27</ele>
      </trkpt>
      <trkpt lat="48.7718659825623" lon="13.81533594802022">
        <ele>1298.01</ele>
      </trkpt>
      <trkpt lat="48.77191795036197" lon="13.81512095220387">
        <ele>1297.76</ele>
      </trkpt>
      <trkpt lat="48.771958937868476" lon="13.814762961119413">
        <ele>1297.44</ele>
      </trkpt>
      <trkpt lat="48.77196899615228" lon="13.81432592868805">
        <ele>1297.0</ele>
      </trkpt>
      <trkpt lat="48.772012582048774" lon="13.814068268984556">
        <ele>1296.72</ele>
      </trkpt>
      <trkpt lat="48.77205591648817" lon="13.81381195038557">
        <ele>1296.54</ele>
      </trkpt>
      <trkpt lat="48.77207796089351" lon="13.813675995916128">
        <ele>1296.4</ele>
      </trkpt>
      <trkpt lat="48.772062957286835" lon="13.813600977882743">
        <ele>1296.24</ele>
      </trkpt>
      <trkpt lat="48.772082990035415" lon="13.813386987894773">
        <ele>1296.15</ele>
      </trkpt>
      <trkpt lat="48.77216395922005" lon="13.813182972371578">
        <ele>1296.17</ele>
      </trkpt>
      <trkpt lat="48.77220653928816" lon="13.812872171401978">
        <ele>1296.12</ele>
      </trkpt>
      <trkpt lat="48.77224895171821" lon="13.81256296299398">
        <ele>1296.07</ele>
      </trkpt>
      <trkpt lat="48.77228298224509" lon="13.812470929697156">
        <ele>1296.05</ele>
      </trkpt>
      <trkpt lat="48.772334614768624" lon="13.81205284036696">
        <ele>1295.96</ele>
      </trkpt>
      <trkpt lat="48.772385995835066" lon="13.811636930331588">
        <ele>1295.8</ele>
      </trkpt>
      <trkpt lat="48.772444082424045" lon="13.811342222616076">
        <ele>1295.67</ele>
      </trkpt>
      <trkpt lat="48.77250191755593" lon="13.811048939824104">
        <ele>1295.55</ele>
      </trkpt>
      <trkpt lat="48.77262320369482" lon="13.810755405575037">
        <ele>1295.49</ele>
      </trkpt>
      <trkpt lat="48.77274398691952" lon="13.810462960973382">
        <ele>1295.42</ele>
      </trkpt>
      <trkpt lat="48.77285295166075" lon="13.81028694100678">
        <ele>1295.29</ele>
      </trkpt>
      <trkpt lat="48.77303710207343" lon="13.810100359842181">
        <ele>1295.15</ele>
      </trkpt>
      <trkpt lat="48.77322091720998" lon="13.809913946315646">
        <ele>1295.0</ele>
      </trkpt>
      <trkpt lat="48.77343297936022" lon="13.809803472831845">
        <ele>1294.93</ele>
      </trkpt>
      <trkpt lat="48.77364495769143" lon="13.809692999348044">
        <ele>1294.75</ele>
      </trkpt>
      <trkpt lat="48.77384997904301" lon="13.809735998511314">
        <ele>1294.65</ele>
      </trkpt>
      <trkpt lat="48.77409799955785" lon="13.80961999297142">
        <ele>1294.34</ele>
      </trkpt>
      <trkpt lat="48.774321964010596" lon="13.80961999297142">
        <ele>1293.99</ele>
      </trkpt>
      <trkpt lat="48.774363957345486" lon="13.809589985758066">
        <ele>1293.53</ele>
      </trkpt>
      <trkpt lat="48.774532936513424" lon="13.809604989364743">
        <ele>1292.99</ele>
      </trkpt>
      <trkpt lat="48.774701999500394" lon="13.80961999297142">
        <ele>1292.4</ele>
      </trkpt>
      <trkpt lat="48.77496996894479" lon="13.809481943026185">
        <ele>1291.68</ele>
      </trkpt>
      <trkpt lat="48.77514196559787" lon="13.809453947469592">
        <ele>1290.97</ele>
      </trkpt>
      <trkpt lat="48.77523894421756" lon="13.809365937486291">
        <ele>1290.14</ele>
      </trkpt>
      <trkpt lat="48.775371965020895" lon="13.809353951364756">
        <ele>1289.29</ele>
      </trkpt>
      <trkpt lat="48.77551294863224" lon="13.809279939159751">
        <ele>1288.31</ele>
      </trkpt>
      <trkpt lat="48.77559391781688" lon="13.809142978861928">
        <ele>1287.16</ele>
      </trkpt>
      <trkpt lat="48.77576943486929" lon="13.809055974707007">
        <ele>1286.01</ele>
      </trkpt>
      <trkpt lat="48.7759449519217" lon="13.808968970552087">
        <ele>1284.79</ele>
      </trkpt>
      <trkpt lat="48.776190457865596" lon="13.808699743822217">
        <ele>1283.38</ele>
      </trkpt>
      <trkpt lat="48.77643604762852" lon="13.808430517092347">
        <ele>1281.78</ele>
      </trkpt>
      <trkpt lat="48.776680966839194" lon="13.808161960914731">
        <ele>1280.06</ele>
      </trkpt>
      <trkpt lat="48.776877941563725" lon="13.808068921789527">
        <ele>1278.44</ele>
      </trkpt>
      <trkpt lat="48.77700760960579" lon="13.807914275676012">
        <ele>1276.64</ele>
      </trkpt>
      <trkpt lat="48.777136942371726" lon="13.807759964838624">
        <ele>1274.8</ele>
      </trkpt>
      <trkpt lat="48.77730801701546" lon="13.807618394494057">
        <ele>1272.83</ele>
      </trkpt>
      <trkpt lat="48.777478924021125" lon="13.807476991787553">
        <ele>1270.83</ele>
      </trkpt>
      <trkpt lat="48.777649411931634" lon="13.807221679016948">
        <ele>1268.72</ele>
      </trkpt>
      <trkpt lat="48.77781989984214" lon="13.806966282427311">
        <ele>1266.61</ele>
      </trkpt>
      <trkpt lat="48.77799038775265" lon="13.806710969656706">
        <ele>1264.36</ele>
      </trkpt>
      <trkpt lat="48.77815995365381" lon="13.806456997990608">
        <ele>1262.06</ele>
      </trkpt>
      <trkpt lat="48.77822591923177" lon="13.806243930011988">
        <ele>1259.63</ele>
      </trkpt>
      <trkpt lat="48.777928948402405" lon="13.80622792057693">
        <ele>1257.0</ele>
      </trkpt>
      <trkpt lat="48.777646478265524" lon="13.806277457624674">
        <ele>1254.27</ele>
      </trkpt>
      <trkpt lat="48.77736392430961" lon="13.806326994672418">
        <ele>1251.53</ele>
      </trkpt>
      <trkpt lat="48.77709494903684" lon="13.806404946371913">
        <ele>1248.77</ele>
      </trkpt>
      <trkpt lat="48.776899483054876" lon="13.806425984948874">
        <ele>1245.97</ele>
      </trkpt>
      <trkpt lat="48.776703933253884" lon="13.806446939706802">
        <ele>1243.14</ele>
      </trkpt>
      <trkpt lat="48.776398999616504" lon="13.80641994997859">
        <ele>1240.21</ele>
      </trkpt>
      <trkpt lat="48.77609406597912" lon="13.806392960250378">
        <ele>1237.23</ele>
      </trkpt>
      <trkpt lat="48.77578896470368" lon="13.806365970522165">
        <ele>1234.25</ele>
      </trkpt>
      <trkpt lat="48.77559693530202" lon="13.806293467059731">
        <ele>1231.21</ele>
      </trkpt>
      <trkpt lat="48.77540498971939" lon="13.806220963597298">
        <ele>1228.1</ele>
      </trkpt>
      <trkpt lat="48.77512888982892" lon="13.806019881740212">
        <ele>1224.87</ele>
      </trkpt>
      <trkpt lat="48.77485295757651" lon="13.80581896752119">
        <ele>1221.58</ele>
      </trkpt>
      <trkpt lat="48.77468188293278" lon="13.805668847635388">
        <ele>1218.36</ele>
      </trkpt>
      <trkpt lat="48.774510975927114" lon="13.805518979206681">
        <ele>1215.12</ele>
      </trkpt>
      <trkpt lat="48.774275947362185" lon="13.805376989766955">
        <ele>1211.87</ele>
      </trkpt>
      <trkpt lat="48.77404645085335" lon="13.805278921499848">
        <ele>1208.59</ele>
      </trkpt>
      <trkpt lat="48.77381695434451" lon="13.805180937051773">
        <ele>1205.28</ele>
      </trkpt>
      <trkpt lat="48.773584524169564" lon="13.804951775819063">
        <ele>1201.87</ele>
      </trkpt>
      <trkpt lat="48.77335217781365" lon="13.804722614586353">
        <ele>1198.51</ele>
      </trkpt>
      <trkpt lat="48.7731197476387" lon="13.804493453353643">
        <ele>1195.28</ele>
      </trkpt>
      <trkpt lat="48.77288798801601" lon="13.804264962673187">
        <ele>1191.94</ele>
      </trkpt>
      <trkpt lat="48.77268573269248" lon="13.8040242344141">
        <ele>1188.58</ele>
      </trkpt>
      <trkpt lat="48.77248398028314" lon="13.803783925250173">
        <ele>1185.25</ele>
      </trkpt>
      <trkpt lat="48.7722962256521" lon="13.803488044068217">
        <ele>1181.92</ele>
      </trkpt>
      <trkpt lat="48.77210897393525" lon="13.803192917257547">
        <ele>1178.66</ele>
      </trkpt>
      <trkpt lat="48.77196195535362" lon="13.80296098999679">
        <ele>1175.5</ele>
      </trkpt>
      <trkpt lat="48.77182323485613" lon="13.802652871236205">
        <ele>1172.3</ele>
      </trkpt>
      <trkpt lat="48.77168443053961" lon="13.802344836294651">
        <ele>1169.19</ele>
      </trkpt>
      <trkpt lat="48.77154571004212" lon="13.802036801353097">
        <ele>1166.16</ele>
      </trkpt>
      <trkpt lat="48.77140799537301" lon="13.801730945706367">
        <ele>1163.2</ele>
      </trkpt>
      <trkpt lat="48.77127933315933" lon="13.801547214388847">
        <ele>1160.31</ele>
      </trkpt>
      <trkpt lat="48.77115092240274" lon="13.801363985985518">
        <ele>1157.42</ele>
      </trkpt>
      <trkpt lat="48.77108797430992" lon="13.801233982667327">
        <ele>1154.6</ele>
      </trkpt>
      <trkpt lat="48.77078899182379" lon="13.80119794048369">
        <ele>1151.84</ele>
      </trkpt>
      <trkpt lat="48.770599476993084" lon="13.80126248113811">
        <ele>1149.22</ele>
      </trkpt>
      <trkpt lat="48.770409962162375" lon="13.8013269379735">
        <ele>1146.64</ele>
      </trkpt>
      <trkpt lat="48.77025196328759" lon="13.801287962123752">
        <ele>1144.09</ele>
      </trkpt>
      <trkpt lat="48.770083989948034" lon="13.801608989015222">
        <ele>1141.8</ele>
      </trkpt>
      <trkpt lat="48.76995197497308" lon="13.801689958199859">
        <ele>1139.54</ele>
      </trkpt>
      <trkpt lat="48.7697699200362" lon="13.801913922652602">
        <ele>1137.42</ele>
      </trkpt>
      <trkpt lat="48.76964930444956" lon="13.802087176591158">
        <ele>1135.43</ele>
      </trkpt>
      <trkpt lat="48.769528940320015" lon="13.802259927615523">
        <ele>1133.51</ele>
      </trkpt>
      <trkpt lat="48.769387789070606" lon="13.802502332255244">
        <ele>1131.69</ele>
      </trkpt>
      <trkpt lat="48.769246554002166" lon="13.802744653075933">
        <ele>1129.92</ele>
      </trkpt>
      <trkpt lat="48.76910598948598" lon="13.802985968068242">
        <ele>1128.3</ele>
      </trkpt>
      <trkpt lat="48.76898227259517" lon="13.80322334356606">
        <ele>1126.72</ele>
      </trkpt>
      <trkpt lat="48.768858974799514" lon="13.803459964692593">
        <ele>1125.32</ele>
      </trkpt>
      <trkpt lat="48.768684128299356" lon="13.803851651027799">
        <ele>1124.07</ele>
      </trkpt>
      <trkpt lat="48.76850936561823" lon="13.804243421182036">
        <ele>1122.93</ele>
      </trkpt>
      <trkpt lat="48.76833451911807" lon="13.804635107517242">
        <ele>1121.91</ele>
      </trkpt>
      <trkpt lat="48.76816092990339" lon="13.80502394400537">
        <ele>1120.93</ele>
      </trkpt>
      <trkpt lat="48.767983401194215" lon="13.80539383739233">
        <ele>1120.19</ele>
      </trkpt>
      <trkpt lat="48.76780587248504" lon="13.80576373077929">
        <ele>1119.55</ele>
      </trkpt>
      <trkpt lat="48.76762825995684" lon="13.80613362416625">
        <ele>1119.09</ele>
      </trkpt>
      <trkpt lat="48.76745198853314" lon="13.806500919163227">
        <ele>1118.77</ele>
      </trkpt>
      <trkpt lat="48.767303712666035" lon="13.806784730404615">
        <ele>1118.59</ele>
      </trkpt>
      <trkpt lat="48.76715552061796" lon="13.807068541646004">
        <ele>1118.52</ele>
      </trkpt>
      <trkpt lat="48.76700799912214" lon="13.807350927963853">
        <ele>1118.58</ele>
      </trkpt>
      <trkpt lat="48.766819993034005" lon="13.807711182162166">
        <ele>1118.75</ele>
      </trkpt>
      <trkpt lat="48.76663198694587" lon="13.808071436360478">
        <ele>1119.11</ele>
      </trkpt>
      <trkpt lat="48.76644498668611" lon="13.808429930359125">
        <ele>1119.52</ele>
      </trkpt>
      <trkpt lat="48.76638195477426" lon="13.808634951710701">
        <ele>1120.09</ele>
      </trkpt>
      <trkpt lat="48.76667599193752" lon="13.808785993605852">
        <ele>1121.1</ele>
      </trkpt>
      <trkpt lat="48.766969945281744" lon="13.808936951681972">
        <ele>1122.22</ele>
      </trkpt>
      <trkpt lat="48.767146384343505" lon="13.809120431542397">
        <ele>1123.33</ele>
      </trkpt>
      <trkpt lat="48.7673229072243" lon="13.809303911402822">
        <ele>1124.5</ele>
      </trkpt>
      <trkpt lat="48.7674989271909" lon="13.809486972168088">
        <ele>1125.72</ele>
      </trkpt>
      <trkpt lat="48.76770520582795" lon="13.80977681837976">
        <ele>1127.0</ele>
      </trkpt>
      <trkpt lat="48.76791098155081" lon="13.810065994039178">
        <ele>1128.3</ele>
      </trkpt>
      <trkpt lat="48.768014665693045" lon="13.810278307646513">
        <ele>1129.5</ele>
      </trkpt>
      <trkpt lat="48.76811793074012" lon="13.810489950701594">
        <ele>1130.7</ele>
      </trkpt>
      <trkpt lat="48.76811793074012" lon="13.810715926811099">
        <ele>1131.79</ele>
      </trkpt>
      <trkpt lat="48.768070824444294" lon="13.811124544590712">
        <ele>1132.83</ele>
      </trkpt>
      <trkpt lat="48.768023969605565" lon="13.8115309830755">
        <ele>1133.77</ele>
      </trkpt>
      <trkpt lat="48.76805070787668" lon="13.811901630833745">
        <ele>1134.81</ele>
      </trkpt>
      <trkpt lat="48.7680774461478" lon="13.81227227859199">
        <ele>1135.82</ele>
      </trkpt>
      <trkpt lat="48.76810393296182" lon="13.812639992684126">
        <ele>1136.79</ele>
      </trkpt>
      <trkpt lat="48.76809999346733" lon="13.812833949923515">
        <ele>1137.62</ele>
      </trkpt>
      <trkpt lat="48.76806101761758" lon="13.813263103365898">
        <ele>1138.31</ele>
      </trkpt>
      <trkpt lat="48.76802212558687" lon="13.813692256808281">
        <ele>1138.95</ele>
      </trkpt>
      <trkpt lat="48.76798323355615" lon="13.814121410250664">
        <ele>1139.51</ele>
      </trkpt>
      <trkpt lat="48.767944341525435" lon="13.814550563693047">
        <ele>1140.08</ele>
      </trkpt>
      <trkpt lat="48.76790595240891" lon="13.814973933622241">
        <ele>1140.49</ele>
      </trkpt>
      <trkpt lat="48.767889607697725" lon="13.81537601351738">
        <ele>1140.92</ele>
      </trkpt>
      <trkpt lat="48.76787317916751" lon="13.81577817723155">
        <ele>1141.19</ele>
      </trkpt>
      <trkpt lat="48.767856918275356" lon="13.816176988184452">
        <ele>1141.53</ele>
      </trkpt>
      <trkpt lat="48.76777896657586" lon="13.816556939855218">
        <ele>1141.83</ele>
      </trkpt>
      <trkpt lat="48.76767084002495" lon="13.81697142496705">
        <ele>1142.06</ele>
      </trkpt>
      <trkpt lat="48.76756279729307" lon="13.817385910078883">
        <ele>1142.1</ele>
      </trkpt>
      <trkpt lat="48.767454670742154" lon="13.817800395190716">
        <ele>1142.17</ele>
      </trkpt>
      <trkpt lat="48.76734662801027" lon="13.818214880302548">
        <ele>1142.19</ele>
      </trkpt>
      <trkpt lat="48.76723858527839" lon="13.818629365414381">
        <ele>1142.21</ele>
      </trkpt>
      <trkpt lat="48.76713196747005" lon="13.819037983193994">
        <ele>1142.29</ele>
      </trkpt>
      <trkpt lat="48.767036916688085" lon="13.819471998140216">
        <ele>1142.32</ele>
      </trkpt>
      <trkpt lat="48.76696248538792" lon="13.819903079420328">
        <ele>1142.39</ele>
      </trkpt>
      <trkpt lat="48.76688805408776" lon="13.82033416070044">
        <ele>1142.55</ele>
      </trkpt>
      <trkpt lat="48.766813622787595" lon="13.820765241980553">
        <ele>1142.7</ele>
      </trkpt>
      <trkpt lat="48.76673919148743" lon="13.821196407079697">
        <ele>1142.78</ele>
      </trkpt>
      <trkpt lat="48.76666476018727" lon="13.821627488359809">
        <ele>1142.83</ele>
      </trkpt>
      <trkpt lat="48.766590328887105" lon="13.822058569639921">
        <ele>1142.95</ele>
      </trkpt>
      <trkpt lat="48.76651589758694" lon="13.822489650920033">
        <ele>1143.13</ele>
      </trkpt>
      <trkpt lat="48.76644297502935" lon="13.822911931201816">
        <ele>1143.31</ele>
      </trkpt>
      <trkpt lat="48.7664039991796" lon="13.823234969750047">
        <ele>1143.59</ele>
      </trkpt>
      <trkpt lat="48.766392935067415" lon="13.823691951110959">
        <ele>1143.94</ele>
      </trkpt>
      <trkpt lat="48.76634079962969" lon="13.824014822021127">
        <ele>1144.22</ele>
      </trkpt>
      <trkpt lat="48.76628899946809" lon="13.824335932731628">
        <ele>1144.48</ele>
      </trkpt>
      <trkpt lat="48.76629645936191" lon="13.824627790600061">
        <ele>1144.91</ele>
      </trkpt>
      <trkpt lat="48.76630391925573" lon="13.82491797208786">
        <ele>1145.37</ele>
      </trkpt>
      <trkpt lat="48.76621196977794" lon="13.825357938185334">
        <ele>1145.68</ele>
      </trkpt>
      <trkpt lat="48.76618095673621" lon="13.82562699727714">
        <ele>1146.12</ele>
      </trkpt>
      <trkpt lat="48.766155894845724" lon="13.826016001403332">
        <ele>1146.54</ele>
      </trkpt>
      <trkpt lat="48.76613091677427" lon="13.826402993872762">
        <ele>1147.14</ele>
      </trkpt>
      <trkpt lat="48.76612798310816" lon="13.826450938358903">
        <ele>1147.7</ele>
      </trkpt>
      <trkpt lat="48.76612429507077" lon="13.826921917498112">
        <ele>1148.37</ele>
      </trkpt>
      <trkpt lat="48.76612060703337" lon="13.82739289663732">
        <ele>1148.97</ele>
      </trkpt>
      <trkpt lat="48.76611691899598" lon="13.827859936282039">
        <ele>1149.58</ele>
      </trkpt>
      <trkpt lat="48.7661555595696" lon="13.82828758098185">
        <ele>1150.35</ele>
      </trkpt>
      <trkpt lat="48.76619394868612" lon="13.828712962567806">
        <ele>1151.17</ele>
      </trkpt>
      <trkpt lat="48.76618196256459" lon="13.82897992618382">
        <ele>1151.83</ele>
      </trkpt>
      <trkpt lat="48.766082217916846" lon="13.829424502328038">
        <ele>1152.34</ele>
      </trkpt>
      <trkpt lat="48.765982976183295" lon="13.829866982996464">
        <ele>1152.79</ele>
      </trkpt>
      <trkpt lat="48.765920950099826" lon="13.830317929387093">
        <ele>1153.36</ele>
      </trkpt>
      <trkpt lat="48.76589924097061" lon="13.83064080029726">
        <ele>1154.0</ele>
      </trkpt>
      <trkpt lat="48.7658775318414" lon="13.830963671207428">
        <ele>1154.53</ele>
      </trkpt>
      <trkpt lat="48.765855990350246" lon="13.831283943727612">
        <ele>1154.99</ele>
      </trkpt>
      <trkpt lat="48.765842244029045" lon="13.831755593419075">
        <ele>1155.4</ele>
      </trkpt>
      <trkpt lat="48.765828581526875" lon="13.832227159291506">
        <ele>1155.87</ele>
      </trkpt>
      <trkpt lat="48.765814919024706" lon="13.83269495330751">
        <ele>1156.39</ele>
      </trkpt>
      <trkpt lat="48.76578298397362" lon="13.832982955500484">
        <ele>1156.67</ele>
      </trkpt>
      <trkpt lat="48.76571576111019" lon="13.83336391299963">
        <ele>1156.82</ele>
      </trkpt>
      <trkpt lat="48.76564862206578" lon="13.833744870498776">
        <ele>1156.93</ele>
      </trkpt>
      <trkpt lat="48.76558148302138" lon="13.834125827997923">
        <ele>1156.94</ele>
      </trkpt>
      <trkpt lat="48.76551426015794" lon="13.834506869316101">
        <ele>1156.69</ele>
      </trkpt>
      <trkpt lat="48.765447959303856" lon="13.834882965311408">
        <ele>1156.37</ele>
      </trkpt>
      <trkpt lat="48.76541535370052" lon="13.835267527028918">
        <ele>1155.93</ele>
      </trkpt>
      <trkpt lat="48.76538299955428" lon="13.835649993270636">
        <ele>1155.26</ele>
      </trkpt>
      <trkpt lat="48.765287697315216" lon="13.83603086695075">
        <ele>1154.36</ele>
      </trkpt>
      <trkpt lat="48.76519247889519" lon="13.836411740630865">
        <ele>1153.5</ele>
      </trkpt>
      <trkpt lat="48.76509793102741" lon="13.836789932101965">
        <ele>1152.45</ele>
      </trkpt>
      <trkpt lat="48.765075048431754" lon="13.836328843608499">
        <ele>1151.1</ele>
      </trkpt>
      <trkpt lat="48.765052165836096" lon="13.835867755115032">
        <ele>1149.63</ele>
      </trkpt>
      <trkpt lat="48.76502928324044" lon="13.835406666621566">
        <ele>1148.08</ele>
      </trkpt>
      <trkpt lat="48.76500640064478" lon="13.8349455781281">
        <ele>1146.43</ele>
      </trkpt>
      <trkpt lat="48.76498351804912" lon="13.834484489634633">
        <ele>1144.61</ele>
      </trkpt>
      <trkpt lat="48.76496097072959" lon="13.834030944854021">
        <ele>1142.58</ele>
      </trkpt>
      <trkpt lat="48.76495996490121" lon="13.833737662062049">
        <ele>1140.54</ele>
      </trkpt>
      <trkpt lat="48.76495895907283" lon="13.83344597183168">
        <ele>1138.38</ele>
      </trkpt>
      <trkpt lat="48.7649845238775" lon="13.833032827824354">
        <ele>1136.02</ele>
      </trkpt>
      <trkpt lat="48.765010088682175" lon="13.832619683817029">
        <ele>1133.59</ele>
      </trkpt>
      <trkpt lat="48.76503565348685" lon="13.832206623628736">
        <ele>1131.03</ele>
      </trkpt>
      <trkpt lat="48.765060966834426" lon="13.831797922030091">
        <ele>1128.35</ele>
      </trkpt>
      <trkpt lat="48.7650675047189" lon="13.831439511850476">
        <ele>1125.64</ele>
      </trkpt>
      <trkpt lat="48.76507395878434" lon="13.831082945689559">
        <ele>1122.92</ele>
      </trkpt>
      <trkpt lat="48.765057949349284" lon="13.83079469203949">
        <ele>1120.11</ele>
      </trkpt>
      <trkpt lat="48.76504193991423" lon="13.830507947131991">
        <ele>1117.25</ele>
      </trkpt>
      <trkpt lat="48.76506901346147" lon="13.830223716795444">
        <ele>1114.33</ele>
      </trkpt>
      <trkpt lat="48.76509591937065" lon="13.829940995201468">
        <ele>1111.3</ele>
      </trkpt>
      <trkpt lat="48.764984691515565" lon="13.82961225695908">
        <ele>1108.01</ele>
      </trkpt>
      <trkpt lat="48.76487346366048" lon="13.829283518716693">
        <ele>1104.7</ele>
      </trkpt>
      <trkpt lat="48.76476223580539" lon="13.828954864293337">
        <ele>1101.44</ele>
      </trkpt>
      <trkpt lat="48.764651929959655" lon="13.828628975898027">
        <ele>1098.04</ele>
      </trkpt>
      <trkpt lat="48.76453793607652" lon="13.828215999528766">
        <ele>1094.56</ele>
      </trkpt>
      <trkpt lat="48.76450357027352" lon="13.827783828601241">
        <ele>1091.27</ele>
      </trkpt>
      <trkpt lat="48.76446912065148" lon="13.827351657673717">
        <ele>1087.82</ele>
      </trkpt>
      <trkpt lat="48.764434922486544" lon="13.826922923326492">
        <ele>1084.37</ele>
      </trkpt>
      <trkpt lat="48.76438982784748" lon="13.826524531468749">
        <ele>1080.92</ele>
      </trkpt>
      <trkpt lat="48.76434473320842" lon="13.826126139611006">
        <ele>1077.48</ele>
      </trkpt>
      <trkpt lat="48.76429997384548" lon="13.825730932876468">
        <ele>1074.1</ele>
      </trkpt>
      <trkpt lat="48.76424482092261" lon="13.82537730038166">
        <ele>1070.72</ele>
      </trkpt>
      <trkpt lat="48.764189667999744" lon="13.825023667886853">
        <ele>1067.37</ele>
      </trkpt>
      <trkpt lat="48.764134515076876" lon="13.824669951573014">
        <ele>1063.91</ele>
      </trkpt>
      <trkpt lat="48.76407994888723" lon="13.82431992329657">
        <ele>1060.36</ele>
      </trkpt>
      <trkpt lat="48.76398095861077" lon="13.82397199049592">
        <ele>1056.74</ele>
      </trkpt>
      <trkpt lat="48.7638967204839" lon="13.823555577546358">
        <ele>1053.24</ele>
      </trkpt>
      <trkpt lat="48.76381256617606" lon="13.823139248415828">
        <ele>1049.83</ele>
      </trkpt>
      <trkpt lat="48.76372832804918" lon="13.822722835466266">
        <ele>1046.41</ele>
      </trkpt>
      <trkpt lat="48.76364417374134" lon="13.822306506335735">
        <ele>1043.12</ele>
      </trkpt>
      <trkpt lat="48.76355993561447" lon="13.821890093386173">
        <ele>1039.96</ele>
      </trkpt>
      <trkpt lat="48.76347695477307" lon="13.82147996686399">
        <ele>1036.85</ele>
      </trkpt>
      <trkpt lat="48.763404451310635" lon="13.821057267487049">
        <ele>1033.63</ele>
      </trkpt>
      <trkpt lat="48.76333203166723" lon="13.820634568110108">
        <ele>1030.53</ele>
      </trkpt>
      <trkpt lat="48.7632595282048" lon="13.820211868733168">
        <ele>1027.64</ele>
      </trkpt>
      <trkpt lat="48.763187024742365" lon="13.819789253175259">
        <ele>1024.78</ele>
      </trkpt>
      <trkpt lat="48.76311460509896" lon="13.819366553798318">
        <ele>1022.02</ele>
      </trkpt>
      <trkpt lat="48.76304210163653" lon="13.818943854421377">
        <ele>1019.32</ele>
      </trkpt>
      <trkpt lat="48.762969598174095" lon="13.818521155044436">
        <ele>1016.69</ele>
      </trkpt>
      <trkpt lat="48.76289709471166" lon="13.818098539486527">
        <ele>1014.08</ele>
      </trkpt>
      <trkpt lat="48.76282467506826" lon="13.817675840109587">
        <ele>1011.65</ele>
      </trkpt>
      <trkpt lat="48.76275393180549" lon="13.817263953387737">
        <ele>1009.32</ele>
      </trkpt>
      <trkpt lat="48.76255637034774" lon="13.817436033859849">
        <ele>1007.04</ele>
      </trkpt>
      <trkpt lat="48.76235897652805" lon="13.817607946693897">
        <ele>1004.82</ele>
      </trkpt>
      <trkpt lat="48.762178430333734" lon="13.817735519260168">
        <ele>1002.76</ele>
      </trkpt>
      <trkpt lat="48.76199796795845" lon="13.817862924188375">
        <ele>1000.76</ele>
      </trkpt>
      <trkpt lat="48.761900989338756" lon="13.818055959418416">
        <ele>998.92</ele>
      </trkpt>
      <trkpt lat="48.76182798296213" lon="13.81843096576631">
        <ele>997.12</ele>
      </trkpt>
      <trkpt lat="48.76176595687866" lon="13.818610925227404">
        <ele>995.51</ele>
      </trkpt>
      <trkpt lat="48.76172195188701" lon="13.818657947704196">
        <ele>994.03</ele>
      </trkpt>
      <trkpt lat="48.76171843148768" lon="13.81889708340168">
        <ele>992.65</ele>
      </trkpt>
      <trkpt lat="48.76171499490738" lon="13.819134961813688">
        <ele>991.37</ele>
      </trkpt>
      <trkpt lat="48.761685406789184" lon="13.819375606253743">
        <ele>990.16</ele>
      </trkpt>
      <trkpt lat="48.76165598630905" lon="13.819614993408322">
        <ele>989.01</ele>
      </trkpt>
      <trkpt lat="48.761560851708055" lon="13.820053953677416">
        <ele>987.93</ele>
      </trkpt>
      <trkpt lat="48.76146571710706" lon="13.82049291394651">
        <ele>986.82</ele>
      </trkpt>
      <trkpt lat="48.76137066632509" lon="13.820931790396571">
        <ele>985.79</ele>
      </trkpt>
      <trkpt lat="48.761275531724095" lon="13.821370750665665">
        <ele>984.81</ele>
      </trkpt>
      <trkpt lat="48.76118048094213" lon="13.821809710934758">
        <ele>983.86</ele>
      </trkpt>
      <trkpt lat="48.76108534634113" lon="13.822248671203852">
        <ele>982.96</ele>
      </trkpt>
      <trkpt lat="48.760990211740136" lon="13.822687631472945">
        <ele>981.89</ele>
      </trkpt>
      <trkpt lat="48.76089692115784" lon="13.823117958381772">
        <ele>980.81</ele>
      </trkpt>
      <trkpt lat="48.7608143594116" lon="13.823515763506293">
        <ele>979.69</ele>
      </trkpt>
      <trkpt lat="48.760731713846326" lon="13.823913568630815">
        <ele>978.54</ele>
      </trkpt>
      <trkpt lat="48.760649152100086" lon="13.824311289936304">
        <ele>977.37</ele>
      </trkpt>
      <trkpt lat="48.76056659035385" lon="13.824709095060825">
        <ele>976.07</ele>
      </trkpt>
      <trkpt lat="48.760484950616956" lon="13.825101954862475">
        <ele>974.65</ele>
      </trkpt>
      <trkpt lat="48.76044899225235" lon="13.8254529889673">
        <ele>973.23</ele>
      </trkpt>
      <trkpt lat="48.76044748350978" lon="13.82585909217596">
        <ele>971.71</ele>
      </trkpt>
      <trkpt lat="48.76044597476721" lon="13.826262932270765">
        <ele>969.97</ele>
      </trkpt>
      <trkpt lat="48.760312953963876" lon="13.825979959219694">
        <ele>968.2</ele>
      </trkpt>
      <trkpt lat="48.760233996436" lon="13.825810980051756">
        <ele>966.33</ele>
      </trkpt>
      <trkpt lat="48.759986981749535" lon="13.82562892511487">
        <ele>964.13</ele>
      </trkpt>
      <trkpt lat="48.75983635894954" lon="13.825466819107533">
        <ele>961.9</ele>
      </trkpt>
      <trkpt lat="48.759685987606645" lon="13.82530496455729">
        <ele>959.54</ele>
      </trkpt>
      <trkpt lat="48.759600995108485" lon="13.82515694014728">
        <ele>957.13</ele>
      </trkpt>
      <trkpt lat="48.759351801127195" lon="13.824888216331601">
        <ele>954.47</ele>
      </trkpt>
      <trkpt lat="48.75910294242203" lon="13.824619995430112">
        <ele>951.7</ele>
      </trkpt>
      <trkpt lat="48.7589577678591" lon="13.824421260505915">
        <ele>948.93</ele>
      </trkpt>
      <trkpt lat="48.7588129285723" lon="13.824222944676876">
        <ele>946.08</ele>
      </trkpt>
      <trkpt lat="48.75868124887347" lon="13.823907868936658">
        <ele>943.16</ele>
      </trkpt>
      <trkpt lat="48.758549988269806" lon="13.823593966662884">
        <ele>940.09</ele>
      </trkpt>
      <trkpt lat="48.75850087031722" lon="13.82323706522584">
        <ele>937.04</ele>
      </trkpt>
      <trkpt lat="48.7584519200027" lon="13.822881923988461">
        <ele>933.93</ele>
      </trkpt>
      <trkpt lat="48.758299704641104" lon="13.822551677003503">
        <ele>930.46</ele>
      </trkpt>
      <trkpt lat="48.75814740546048" lon="13.822221430018544">
        <ele>926.89</ele>
      </trkpt>
      <trkpt lat="48.75799594447017" lon="13.821892943233252">
        <ele>923.34</ele>
      </trkpt>
      <trkpt lat="48.757949927821755" lon="13.821851955726743">
        <ele>919.84</ele>
      </trkpt>
      <trkpt lat="48.75780592672527" lon="13.821529923006892">
        <ele>916.13</ele>
      </trkpt>
      <trkpt lat="48.75774297863245" lon="13.821468986570835">
        <ele>912.47</ele>
      </trkpt>
      <trkpt lat="48.75763493590057" lon="13.821441996842623">
        <ele>908.71</ele>
      </trkpt>
      <trkpt lat="48.75746293924749" lon="13.821468986570835">
        <ele>904.84</ele>
      </trkpt>
      <trkpt lat="48.75737995840609" lon="13.82147996686399">
        <ele>900.98</ele>
      </trkpt>
      <trkpt lat="48.75731499865651" lon="13.821483990177512">
        <ele>897.07</ele>
      </trkpt>
      <trkpt lat="48.757130932062864" lon="13.821438979357481">
        <ele>893.06</ele>
      </trkpt>
      <trkpt lat="48.756902776658535" lon="13.821219289675355">
        <ele>888.99</ele>
      </trkpt>
      <trkpt lat="48.75667495653033" lon="13.820999935269356">
        <ele>884.84</ele>
      </trkpt>
      <trkpt lat="48.7565559335053" lon="13.820955930277705">
        <ele>880.74</ele>
      </trkpt>
      <trkpt lat="48.756358958780766" lon="13.820947967469692">
        <ele>876.54</ele>
      </trkpt>
      <trkpt lat="48.75613993965089" lon="13.821033965796232">
        <ele>872.25</ele>
      </trkpt>
      <trkpt lat="48.75592092052102" lon="13.821119964122772">
        <ele>867.92</ele>
      </trkpt>
      <trkpt lat="48.755817990750074" lon="13.821103954687715">
        <ele>863.73</ele>
      </trkpt>
      <trkpt lat="48.755608946084976" lon="13.820977974683046">
        <ele>859.41</ele>
      </trkpt>
      <trkpt lat="48.75541859306395" lon="13.820841936394572">
        <ele>855.12</ele>
      </trkpt>
      <trkpt lat="48.75522815622389" lon="13.820705898106098">
        <ele>850.89</ele>
      </trkpt>
      <trkpt lat="48.75503797084093" lon="13.820569943636656">
        <ele>846.75</ele>
      </trkpt>
      <trkpt lat="48.75477343797684" lon="13.820410938933492">
        <ele>842.51</ele>
      </trkpt>
      <trkpt lat="48.754508988931775" lon="13.820251934230328">
        <ele>838.47</ele>
      </trkpt>
      <trkpt lat="48.754275888204575" lon="13.820108938962221">
        <ele>834.73</ele>
      </trkpt>
      <trkpt lat="48.75404295511544" lon="13.819965943694115">
        <ele>831.13</ele>
      </trkpt>
      <trkpt lat="48.754025939852" lon="13.81995496340096">
        <ele>827.73</ele>
      </trkpt>
      <trkpt lat="48.753843968734145" lon="13.81980199366808">
        <ele>824.46</ele>
      </trkpt>
      <trkpt lat="48.75360516831279" lon="13.819551290944219">
        <ele>821.29</ele>
      </trkpt>
      <trkpt lat="48.75336645171046" lon="13.81930067203939">
        <ele>818.24</ele>
      </trkpt>
      <trkpt lat="48.75312773510814" lon="13.81905005313456">
        <ele>815.45</ele>
      </trkpt>
      <trkpt lat="48.75288893468678" lon="13.818799434229732">
        <ele>812.82</ele>
      </trkpt>
      <trkpt lat="48.752650218084455" lon="13.818548815324903">
        <ele>810.4</ele>
      </trkpt>
      <trkpt lat="48.7524114176631" lon="13.818298196420074">
        <ele>808.2</ele>
      </trkpt>
      <trkpt lat="48.75217395834625" lon="13.818048918619752">
        <ele>806.23</ele>
      </trkpt>
      <trkpt lat="48.7520969286561" lon="13.817907935008407">
        <ele>804.58</ele>
      </trkpt>
      <trkpt lat="48.7520229164511" lon="13.817620938643813">
        <ele>803.15</ele>
      </trkpt>
      <trkpt lat="48.751995423808694" lon="13.81738381460309">
        <ele>802.0</ele>
      </trkpt>
      <trkpt lat="48.75196793116629" lon="13.817147947847843">
        <ele>801.1</ele>
      </trkpt>
      <trkpt lat="48.75188092701137" lon="13.8167529925704">
        <ele>800.44</ele>
      </trkpt>
      <trkpt lat="48.751803981140256" lon="13.816675962880254">
        <ele>800.14</ele>
      </trkpt>
      <trkpt lat="48.75168194063008" lon="13.816515952348709">
        <ele>800.11</ele>
      </trkpt>
      <trkpt lat="48.751803981140256" lon="13.816675962880254">
        <ele>800.14</ele>
      </trkpt>
      <trkpt lat="48.75188092701137" lon="13.8167529925704">
        <ele>800.44</ele>
      </trkpt>
      <trkpt lat="48.752137161791325" lon="13.816918535158038">
        <ele>801.84</ele>
      </trkpt>
      <trkpt lat="48.75239339657128" lon="13.817083993926644">
        <ele>803.03</ele>
      </trkpt>
      <trkpt lat="48.75264963135123" lon="13.817249536514282">
        <ele>804.56</ele>
      </trkpt>
      <trkpt lat="48.75290586613119" lon="13.81741507910192">
        <ele>806.37</ele>
      </trkpt>
      <trkpt lat="48.75316210091114" lon="13.817580621689558">
        <ele>808.33</ele>
      </trkpt>
      <trkpt lat="48.753417916595936" lon="13.817745996639132">
        <ele>810.52</ele>
      </trkpt>
      <trkpt lat="48.7536649312824" lon="13.817833922803402">
        <ele>813.03</ele>
      </trkpt>
      <trkpt lat="48.7539379298687" lon="13.817820930853486">
        <ele>815.78</ele>
      </trkpt>
      <trkpt lat="48.75400397926569" lon="13.817862924188375">
        <ele>818.66</ele>
      </trkpt>
      <trkpt lat="48.75410992652178" lon="13.81786996498704">
        <ele>821.77</ele>
      </trkpt>
      <trkpt lat="48.75425996258855" lon="13.817761922255158">
        <ele>825.16</ele>
      </trkpt>
      <trkpt lat="48.75441896729171" lon="13.817603923380375">
        <ele>828.72</ele>
      </trkpt>
      <trkpt lat="48.754513934254646" lon="13.817688999697566">
        <ele>832.41</ele>
      </trkpt>
      <trkpt lat="48.754771929234266" lon="13.817641977220774">
        <ele>836.39</ele>
      </trkpt>
      <trkpt lat="48.755026990547776" lon="13.817646922543645">
        <ele>840.59</ele>
      </trkpt>
      <trkpt lat="48.75509597361088" lon="13.817653963342309">
        <ele>844.79</ele>
      </trkpt>
      <trkpt lat="48.75539696775377" lon="13.817684976384044">
        <ele>849.38</ele>
      </trkpt>
      <trkpt lat="48.75565496273339" lon="13.817802993580699">
        <ele>854.02</ele>
      </trkpt>
      <trkpt lat="48.755819499492645" lon="13.817905001342297">
        <ele>858.73</ele>
      </trkpt>
      <trkpt lat="48.75598395243287" lon="13.818006925284863">
        <ele>863.48</ele>
      </trkpt>
      <trkpt lat="48.756184447556734" lon="13.818093426525593">
        <ele>868.3</ele>
      </trkpt>
      <trkpt lat="48.7563849426806" lon="13.818179927766323">
        <ele>873.18</ele>
      </trkpt>
      <trkpt lat="48.756581749767065" lon="13.818334992974997">
        <ele>878.07</ele>
      </trkpt>
      <trkpt lat="48.7567784730345" lon="13.81849005818367">
        <ele>882.96</ele>
      </trkpt>
      <trkpt lat="48.75697494484484" lon="13.81864495575428">
        <ele>887.88</ele>
      </trkpt>
      <trkpt lat="48.757151970639825" lon="13.818784933537245">
        <ele>892.75</ele>
      </trkpt>
      <trkpt lat="48.75732614658773" lon="13.81900018081069">
        <ele>897.6</ele>
      </trkpt>
      <trkpt lat="48.757500322535634" lon="13.819215344265103">
        <ele>902.36</ele>
      </trkpt>
      <trkpt lat="48.75767399556935" lon="13.819429920986295">
        <ele>907.12</ele>
      </trkpt>
      <trkpt lat="48.75788991339505" lon="13.819758743047714">
        <ele>911.88</ele>
      </trkpt>
      <trkpt lat="48.758105831220746" lon="13.820087481290102">
        <ele>916.47</ele>
      </trkpt>
      <trkpt lat="48.75832099467516" lon="13.820414962247014">
        <ele>920.93</ele>
      </trkpt>
      <trkpt lat="48.758441945537925" lon="13.820518981665373">
        <ele>925.17</ele>
      </trkpt>
      <trkpt lat="48.75851394608617" lon="13.820528956130147">
        <ele>929.3</ele>
      </trkpt>
      <trkpt lat="48.758724918588996" lon="13.820481430739164">
        <ele>933.36</ele>
      </trkpt>
      <trkpt lat="48.758935974910855" lon="13.820433989167213">
        <ele>937.31</ele>
      </trkpt>
      <trkpt lat="48.759079556912184" lon="13.82028236053884">
        <ele>941.13</ele>
      </trkpt>
      <trkpt lat="48.75922297127545" lon="13.820130983367562">
        <ele>944.86</ele>
      </trkpt>
      <trkpt lat="48.75945263542235" lon="13.819887237623334">
        <ele>948.57</ele>
      </trkpt>
      <trkpt lat="48.75968196429312" lon="13.819643994793296">
        <ele>952.11</ele>
      </trkpt>
      <trkpt lat="48.75986603088677" lon="13.819536454975605">
        <ele>955.46</ele>
      </trkpt>
      <trkpt lat="48.76004992984235" lon="13.819428998976946">
        <ele>958.67</ele>
      </trkpt>
      <trkpt lat="48.76025293953717" lon="13.819349454715848">
        <ele>961.81</ele>
      </trkpt>
      <trkpt lat="48.76045594923198" lon="13.819269994273782">
        <ele>964.82</ele>
      </trkpt>
      <trkpt lat="48.760709166526794" lon="13.819147534668446">
        <ele>967.74</ele>
      </trkpt>
      <trkpt lat="48.76096238382161" lon="13.819025158882141">
        <ele>970.49</ele>
      </trkpt>
      <trkpt lat="48.76121560111642" lon="13.818902699276805">
        <ele>973.08</ele>
      </trkpt>
      <trkpt lat="48.76146881841123" lon="13.8187803234905">
        <ele>975.57</ele>
      </trkpt>
      <trkpt lat="48.76172195188701" lon="13.818657947704196">
        <ele>994.03</ele>
      </trkpt>
      <trkpt lat="48.761682976037264" lon="13.818255951628089">
        <ele>980.02</ele>
      </trkpt>
      <trkpt lat="48.76159421168268" lon="13.817835431545973">
        <ele>981.9</ele>
      </trkpt>
      <trkpt lat="48.76150595024228" lon="13.817416923120618">
        <ele>983.65</ele>
      </trkpt>
      <trkpt lat="48.76143998466432" lon="13.816973939538002">
        <ele>985.3</ele>
      </trkpt>
      <trkpt lat="48.76141794025898" lon="13.816520981490612">
        <ele>986.94</ele>
      </trkpt>
      <trkpt lat="48.761424981057644" lon="13.816258208826184">
        <ele>988.5</ele>
      </trkpt>
      <trkpt lat="48.761431938037276" lon="13.815996944904327">
        <ele>989.99</ele>
      </trkpt>
      <trkpt lat="48.76147854141891" lon="13.815706176683307">
        <ele>991.49</ele>
      </trkpt>
      <trkpt lat="48.76152497716248" lon="13.815416917204857">
        <ele>992.96</ele>
      </trkpt>
      <trkpt lat="48.7616119813174" lon="13.815128998830914">
        <ele>994.46</ele>
      </trkpt>
      <trkpt lat="48.76171692274511" lon="13.814779976382852">
        <ele>996.05</ele>
      </trkpt>
      <trkpt lat="48.76181566156447" lon="13.814497841522098">
        <ele>997.66</ele>
      </trkpt>
      <trkpt lat="48.76191398128867" lon="13.81421696394682">
        <ele>999.32</ele>
      </trkpt>
      <trkpt lat="48.76203996129334" lon="13.81398394703865">
        <ele>1001.04</ele>
      </trkpt>
      <trkpt lat="48.76218999736011" lon="13.813776997849345">
        <ele>1002.8</ele>
      </trkpt>
      <trkpt lat="48.76243818551302" lon="13.81349871866405">
        <ele>1004.67</ele>
      </trkpt>
      <trkpt lat="48.76268637366593" lon="13.813220523297787">
        <ele>1006.56</ele>
      </trkpt>
      <trkpt lat="48.76293456181884" lon="13.812942244112492">
        <ele>1008.64</ele>
      </trkpt>
      <trkpt lat="48.76318199560046" lon="13.812664970755577">
        <ele>1010.96</ele>
      </trkpt>
      <trkpt lat="48.76321376301348" lon="13.813128992915154">
        <ele>1013.15</ele>
      </trkpt>
      <trkpt lat="48.763245614245534" lon="13.813592931255698">
        <ele>1015.63</ele>
      </trkpt>
      <trkpt lat="48.763277465477586" lon="13.814056953415275">
        <ele>1018.29</ele>
      </trkpt>
      <trkpt lat="48.76330898143351" lon="13.814515946432948">
        <ele>1021.12</ele>
      </trkpt>
      <trkpt lat="48.76333546824753" lon="13.814905202016234">
        <ele>1024.05</ele>
      </trkpt>
      <trkpt lat="48.76336187124252" lon="13.81529445759952">
        <ele>1027.03</ele>
      </trkpt>
      <trkpt lat="48.763388358056545" lon="13.815683713182807">
        <ele>1030.12</ele>
      </trkpt>
      <trkpt lat="48.76341484487057" lon="13.816072968766093">
        <ele>1033.31</ele>
      </trkpt>
      <trkpt lat="48.76344099640846" lon="13.816456943750381">
        <ele>1036.57</ele>
      </trkpt>
      <trkpt lat="48.76370703801513" lon="13.816251335665584">
        <ele>1040.17</ele>
      </trkpt>
      <trkpt lat="48.763973163440824" lon="13.816045811399817">
        <ele>1043.82</ele>
      </trkpt>
      <trkpt lat="48.76423928886652" lon="13.81584020331502">
        <ele>1047.56</ele>
      </trkpt>
      <trkpt lat="48.76450499519706" lon="13.815634930506349">
        <ele>1051.41</ele>
      </trkpt>
      <trkpt lat="48.76461395993829" lon="13.81552797742188">
        <ele>1055.15</ele>
      </trkpt>
      <trkpt lat="48.7647326476872" lon="13.815299067646265">
        <ele>1058.92</ele>
      </trkpt>
      <trkpt lat="48.76485091634095" lon="13.815070996060967">
        <ele>1062.65</ele>
      </trkpt>
      <trkpt lat="48.76494697295129" lon="13.815018944442272">
        <ele>1066.36</ele>
      </trkpt>
      <trkpt lat="48.76516247168183" lon="13.814900927245617">
        <ele>1070.13</ele>
      </trkpt>
      <trkpt lat="48.76537797041237" lon="13.814782993867993">
        <ele>1073.8</ele>
      </trkpt>
      <trkpt lat="48.76551199704409" lon="13.814675956964493">
        <ele>1077.41</ele>
      </trkpt>
      <trkpt lat="48.76566111110151" lon="13.81450479850173">
        <ele>1080.93</ele>
      </trkpt>
      <trkpt lat="48.765809973701835" lon="13.814333975315094">
        <ele>1084.39</ele>
      </trkpt>
      <trkpt lat="48.76593763008714" lon="13.81414471194148">
        <ele>1087.68</ele>
      </trkpt>
      <trkpt lat="48.76606495119631" lon="13.813955951482058">
        <ele>1090.73</ele>
      </trkpt>
      <trkpt lat="48.76618020236492" lon="13.813651017844677">
        <ele>1093.65</ele>
      </trkpt>
      <trkpt lat="48.76629545353353" lon="13.813346084207296">
        <ele>1096.5</ele>
      </trkpt>
      <trkpt lat="48.76640995033085" lon="13.813042994588614">
        <ele>1099.12</ele>
      </trkpt>
      <trkpt lat="48.7665369361639" lon="13.812852976843715">
        <ele>1101.59</ele>
      </trkpt>
      <trkpt lat="48.76655504107475" lon="13.812546618282795">
        <ele>1103.62</ele>
      </trkpt>
      <trkpt lat="48.76657297834754" lon="13.81224193610251">
        <ele>1105.46</ele>
      </trkpt>
      <trkpt lat="48.76655193977058" lon="13.81195418536663">
        <ele>1106.99</ele>
      </trkpt>
      <trkpt lat="48.76653098501265" lon="13.811667943373322">
        <ele>1108.25</ele>
      </trkpt>
      <trkpt lat="48.76646392978728" lon="13.811280950903893">
        <ele>1109.17</ele>
      </trkpt>
      <trkpt lat="48.76637499779463" lon="13.810928910970688">
        <ele>1109.76</ele>
      </trkpt>
      <trkpt lat="48.76628606580198" lon="13.810576787218451">
        <ele>1110.13</ele>
      </trkpt>
      <trkpt lat="48.766197049990296" lon="13.810224747285247">
        <ele>1110.17</ele>
      </trkpt>
      <trkpt lat="48.76610895618796" lon="13.809875976294279">
        <ele>1109.8</ele>
      </trkpt>
      <trkpt lat="48.76609940081835" lon="13.809833731502295">
        <ele>1108.91</ele>
      </trkpt>
      <trkpt lat="48.76602874137461" lon="13.809522595256567">
        <ele>1107.63</ele>
      </trkpt>
      <trkpt lat="48.76594894565642" lon="13.809170974418521">
        <ele>1105.89</ele>
      </trkpt>
      <trkpt lat="48.76585272140801" lon="13.808747436851263">
        <ele>1103.74</ele>
      </trkpt>
      <trkpt lat="48.76575691625476" lon="13.808325994759798">
        <ele>1101.18</ele>
      </trkpt>
      <trkpt lat="48.765469836071134" lon="13.80818828009069">
        <ele>1098.18</ele>
      </trkpt>
      <trkpt lat="48.76518275588751" lon="13.808050565421581">
        <ele>1094.75</ele>
      </trkpt>
      <trkpt lat="48.76489567570388" lon="13.807912934571505">
        <ele>1090.94</ele>
      </trkpt>
      <trkpt lat="48.764608511701226" lon="13.807775219902396">
        <ele>1086.79</ele>
      </trkpt>
      <trkpt lat="48.7643214315176" lon="13.807637505233288">
        <ele>1082.22</ele>
      </trkpt>
      <trkpt lat="48.764034351333976" lon="13.807499874383211">
        <ele>1077.23</ele>
      </trkpt>
      <trkpt lat="48.76374718733132" lon="13.807362159714103">
        <ele>1072.04</ele>
      </trkpt>
      <trkpt lat="48.763460107147694" lon="13.807224528864026">
        <ele>1066.64</ele>
      </trkpt>
      <trkpt lat="48.76317302696407" lon="13.807086814194918">
        <ele>1060.98</ele>
      </trkpt>
      <trkpt lat="48.76288594678044" lon="13.80694909952581">
        <ele>1055.08</ele>
      </trkpt>
      <trkpt lat="48.762598782777786" lon="13.806811468675733">
        <ele>1048.9</ele>
      </trkpt>
      <trkpt lat="48.762311954051256" lon="13.806673921644688">
        <ele>1042.64</ele>
      </trkpt>
      <trkpt lat="48.76202194020152" lon="13.80654995329678">
        <ele>1036.3</ele>
      </trkpt>
      <trkpt lat="48.761745505034924" lon="13.806468984112144">
        <ele>1029.77</ele>
      </trkpt>
      <trkpt lat="48.761468986049294" lon="13.806387931108475">
        <ele>1023.01</ele>
      </trkpt>
      <trkpt lat="48.761254493147135" lon="13.806387931108475">
        <ele>1016.41</ele>
      </trkpt>
      <trkpt lat="48.76103991642594" lon="13.806387931108475">
        <ele>1009.81</ele>
      </trkpt>
      <trkpt lat="48.76083539798856" lon="13.806241918355227">
        <ele>1003.21</ele>
      </trkpt>
      <trkpt lat="48.760630963370204" lon="13.80609598942101">
        <ele>996.62</ele>
      </trkpt>
      <trkpt lat="48.76047598198056" lon="13.805706985294819">
        <ele>990.04</ele>
      </trkpt>
      <trkpt lat="48.76029183156788" lon="13.805551417171955">
        <ele>983.56</ele>
      </trkpt>
      <trkpt lat="48.7601079326123" lon="13.805395932868123">
        <ele>977.11</ele>
      </trkpt>
      <trkpt lat="48.75997566618025" lon="13.804985554888844">
        <ele>970.75</ele>
      </trkpt>
      <trkpt lat="48.75984398648143" lon="13.804576937109232">
        <ele>964.6</ele>
      </trkpt>
      <trkpt lat="48.759644916281104" lon="13.804532932117581">
        <ele>958.6</ele>
      </trkpt>
      <trkpt lat="48.75956797040999" lon="13.80457391962409">
        <ele>952.98</ele>
      </trkpt>
      <trkpt lat="48.75948096625507" lon="13.804553970694542">
        <ele>947.54</ele>
      </trkpt>
      <trkpt lat="48.759552128612995" lon="13.804160440340638">
        <ele>942.33</ele>
      </trkpt>
      <trkpt lat="48.759622955694795" lon="13.803768921643496">
        <ele>937.3</ele>
      </trkpt>
      <trkpt lat="48.75963251106441" lon="13.803425012156367">
        <ele>932.44</ele>
      </trkpt>
      <trkpt lat="48.759641982614994" lon="13.803082946687937">
        <ele>927.79</ele>
      </trkpt>
      <trkpt lat="48.75963393598795" lon="13.802633928135037">
        <ele>923.33</ele>
      </trkpt>
      <trkpt lat="48.759599989280105" lon="13.802256993949413">
        <ele>919.17</ele>
      </trkpt>
      <trkpt lat="48.75955497846007" lon="13.802050966769457">
        <ele>915.25</ele>
      </trkpt>
      <trkpt lat="48.75940267927945" lon="13.8017447758466">
        <ele>911.44</ele>
      </trkpt>
      <trkpt lat="48.75925046391785" lon="13.801438584923744">
        <ele>907.81</ele>
      </trkpt>
      <trkpt lat="48.75909891910851" lon="13.80113398656249">
        <ele>904.42</ele>
      </trkpt>
      <trkpt lat="48.75896095298231" lon="13.80087599158287">
        <ele>901.32</ele>
      </trkpt>
      <trkpt lat="48.75893295742571" lon="13.800823939964175">
        <ele>898.51</ele>
      </trkpt>
      <trkpt lat="48.75873489305377" lon="13.800666192546487">
        <ele>895.73</ele>
      </trkpt>
      <trkpt lat="48.758536744862795" lon="13.800508445128798">
        <ele>893.21</ele>
      </trkpt>
      <trkpt lat="48.75833893194795" lon="13.800350949168205">
        <ele>890.93</ele>
      </trkpt>
      <trkpt lat="48.7583189830184" lon="13.800334939733148">
        <ele>888.97</ele>
      </trkpt>
      <trkpt lat="48.758105747401714" lon="13.800081722438335">
        <ele>887.11</ele>
      </trkpt>
      <trkpt lat="48.75789293088019" lon="13.799828924238682">
        <ele>885.38</ele>
      </trkpt>
      <trkpt lat="48.75769796781242" lon="13.799766981974244">
        <ele>883.83</ele>
      </trkpt>
      <trkpt lat="48.75750292092562" lon="13.799704955890775">
        <ele>882.49</ele>
      </trkpt>
      <trkpt lat="48.757411977276206" lon="13.79960797727108">
        <ele>881.41</ele>
      </trkpt>
      <trkpt lat="48.757309298962355" lon="13.799380576238036">
        <ele>880.52</ele>
      </trkpt>
      <trkpt lat="48.75720695592463" lon="13.799153929576278">
        <ele>879.79</ele>
      </trkpt>
      <trkpt lat="48.75714099034667" lon="13.799102967604995">
        <ele>879.23</ele>
      </trkpt>
      <trkpt lat="48.75718499533832" lon="13.79870398901403">
        <ele>878.9</ele>
      </trkpt>
      <trkpt lat="48.757253140211105" lon="13.798421770334244">
        <ele>878.72</ele>
      </trkpt>
      <trkpt lat="48.75732094980776" lon="13.798140976577997">
        <ele>878.63</ele>
      </trkpt>
      <trkpt lat="48.75744676217437" lon="13.797758677974343">
        <ele>878.69</ele>
      </trkpt>
      <trkpt lat="48.75757198780775" lon="13.797377971932292">
        <ele>878.9</ele>
      </trkpt>
      <trkpt lat="48.75774096697569" lon="13.79703096114099">
        <ele>879.18</ele>
      </trkpt>
      <trkpt lat="48.75791296362877" lon="13.796821916475892">
        <ele>879.53</ele>
      </trkpt>
      <trkpt lat="48.75798077322543" lon="13.79644799977541">
        <ele>879.85</ele>
      </trkpt>
      <trkpt lat="48.758048666641116" lon="13.796074083074927">
        <ele>880.25</ele>
      </trkpt>
      <trkpt lat="48.758115973323584" lon="13.795702932402492">
        <ele>880.66</ele>
      </trkpt>
      <trkpt lat="48.75810398720205" lon="13.795558931306005">
        <ele>881.11</ele>
      </trkpt>
      <trkpt lat="48.75810499303043" lon="13.795363968238235">
        <ele>881.61</ele>
      </trkpt>
      <trkpt lat="48.75804196111858" lon="13.795066997408867">
        <ele>882.05</ele>
      </trkpt>
      <trkpt lat="48.75802796334028" lon="13.794832974672318">
        <ele>882.54</ele>
      </trkpt>
      <trkpt lat="48.75806299969554" lon="13.794569950550795">
        <ele>883.13</ele>
      </trkpt>
      <trkpt lat="48.7581339944154" lon="13.794382950291038">
        <ele>883.79</ele>
      </trkpt>
      <trkpt lat="48.75820817425847" lon="13.794008530676365">
        <ele>884.47</ele>
      </trkpt>
      <trkpt lat="48.75828193500638" lon="13.79363595508039">
        <ele>885.17</ele>
      </trkpt>
      <trkpt lat="48.75829794444144" lon="13.793369997292757">
        <ele>885.79</ele>
      </trkpt>
      <trkpt lat="48.75828193500638" lon="13.79363595508039">
        <ele>885.17</ele>
      </trkpt>
      <trkpt lat="48.758208928629756" lon="13.793347952887416">
        <ele>886.82</ele>
      </trkpt>
      <trkpt lat="48.75818696804345" lon="13.793092975392938">
        <ele>887.29</ele>
      </trkpt>
      <trkpt lat="48.758031986653805" lon="13.793135471642017">
        <ele>887.62</ele>
      </trkpt>
      <trkpt lat="48.75787692144513" lon="13.793177967891097">
        <ele>887.91</ele>
      </trkpt>
      <trkpt lat="48.75762244686484" lon="13.793252483010292">
        <ele>888.16</ele>
      </trkpt>
      <trkpt lat="48.757367972284555" lon="13.793326998129487">
        <ele>888.37</ele>
      </trkpt>
      <trkpt lat="48.757090950384736" lon="13.79346295259893">
        <ele>888.56</ele>
      </trkpt>
      <trkpt lat="48.75681392848492" lon="13.793598990887403">
        <ele>888.76</ele>
      </trkpt>
      <trkpt lat="48.7565369065851" lon="13.793734945356846">
        <ele>888.88</ele>
      </trkpt>
      <trkpt lat="48.75625996850431" lon="13.79387098364532">
        <ele>888.69</ele>
      </trkpt>
      <trkpt lat="48.75616475008428" lon="13.794098887592554">
        <ele>888.35</ele>
      </trkpt>
      <trkpt lat="48.75606995075941" lon="13.794325953349471">
        <ele>887.82</ele>
      </trkpt>
      <trkpt lat="48.755981773138046" lon="13.794707413762808">
        <ele>887.21</ele>
      </trkpt>
      <trkpt lat="48.75589393079281" lon="13.795086946338415">
        <ele>886.5</ele>
      </trkpt>
      <trkpt lat="48.75574163161218" lon="13.795476704835892">
        <ele>885.54</ele>
      </trkpt>
      <trkpt lat="48.755589332431555" lon="13.795866463333368">
        <ele>884.4</ele>
      </trkpt>
      <trkpt lat="48.75543795526028" lon="13.796253958716989">
        <ele>883.15</ele>
      </trkpt>
      <trkpt lat="48.75529437325895" lon="13.79636300727725">
        <ele>881.75</ele>
      </trkpt>
      <trkpt lat="48.75515095889568" lon="13.79647197201848">
        <ele>880.17</ele>
      </trkpt>
      <trkpt lat="48.75496446155012" lon="13.796410448849201">
        <ele>878.33</ele>
      </trkpt>
      <trkpt lat="48.75477796420455" lon="13.796348925679922">
        <ele>876.27</ele>
      </trkpt>
      <trkpt lat="48.75449197366834" lon="13.796511953696609">
        <ele>873.9</ele>
      </trkpt>
      <trkpt lat="48.75440077856183" lon="13.796839183196425">
        <ele>871.51</ele>
      </trkpt>
      <trkpt lat="48.75430991873145" lon="13.797164987772703">
        <ele>868.87</ele>
      </trkpt>
      <trkpt lat="48.75429994426668" lon="13.797533959150314">
        <ele>866.25</ele>
      </trkpt>
      <trkpt lat="48.75428988598287" lon="13.797902930527925">
        <ele>863.56</ele>
      </trkpt>
      <trkpt lat="48.75427999533713" lon="13.798268968239427">
        <ele>860.72</ele>
      </trkpt>
      <trkpt lat="48.75423892401159" lon="13.798464937135577">
        <ele>857.85</ele>
      </trkpt>
      <trkpt lat="48.754120990633965" lon="13.798523945733905">
        <ele>854.92</ele>
      </trkpt>
      <trkpt lat="48.754013953730464" lon="13.798524951562285">
        <ele>851.95</ele>
      </trkpt>
      <trkpt lat="48.75397891737521" lon="13.798264944925904">
        <ele>849.1</ele>
      </trkpt>
      <trkpt lat="48.75393935479224" lon="13.79796864464879">
        <ele>846.17</ele>
      </trkpt>
      <trkpt lat="48.75389995984733" lon="13.797673936933279">
        <ele>843.17</ele>
      </trkpt>
      <trkpt lat="48.75376023352146" lon="13.797408565878868">
        <ele>840.01</ele>
      </trkpt>
      <trkpt lat="48.75362092629075" lon="13.797143949195743">
        <ele>836.85</ele>
      </trkpt>
      <trkpt lat="48.75347273424268" lon="13.796864999458194">
        <ele>833.65</ele>
      </trkpt>
      <trkpt lat="48.75332496128976" lon="13.796586971729994">
        <ele>830.37</ele>
      </trkpt>
      <trkpt lat="48.7531588319689" lon="13.796402318403125">
        <ele>826.99</ele>
      </trkpt>
      <trkpt lat="48.75299295410514" lon="13.796217916533351">
        <ele>823.57</ele>
      </trkpt>
      <trkpt lat="48.75280394218862" lon="13.796217916533351">
        <ele>820.08</ele>
      </trkpt>
      <trkpt lat="48.752735797315836" lon="13.795952294021845">
        <ele>816.72</ele>
      </trkpt>
      <trkpt lat="48.75266798771918" lon="13.795687928795815">
        <ele>813.34</ele>
      </trkpt>
      <trkpt lat="48.75269698910415" lon="13.795454995706677">
        <ele>810.1</ele>
      </trkpt>
      <trkpt lat="48.752566734328866" lon="13.795139836147428">
        <ele>806.61</ele>
      </trkpt>
      <trkpt lat="48.75243698246777" lon="13.794825933873653">
        <ele>803.16</ele>
      </trkpt>
      <trkpt lat="48.752643931657076" lon="13.794609932228923">
        <ele>800.25</ele>
      </trkpt>
      <trkpt lat="48.75265197828412" lon="13.794504990801215">
        <ele>797.16</ele>
      </trkpt>
      <trkpt lat="48.752677543088794" lon="13.79418857395649">
        <ele>794.07</ele>
      </trkpt>
      <trkpt lat="48.7527029402554" lon="13.79387391731143">
        <ele>791.07</ele>
      </trkpt>
      <trkpt lat="48.75259623862803" lon="13.79350008442998">
        <ele>787.93</ele>
      </trkpt>
      <trkpt lat="48.752489956095815" lon="13.793127927929163">
        <ele>785.08</ele>
      </trkpt>
      <trkpt lat="48.75230932608247" lon="13.792943861335516">
        <ele>782.29</ele>
      </trkpt>
      <trkpt lat="48.75212894752622" lon="13.792759962379932">
        <ele>779.71</ele>
      </trkpt>
      <trkpt lat="48.751885956153274" lon="13.792863981798291">
        <ele>777.27</ele>
      </trkpt>
      <trkpt lat="48.751799538731575" lon="13.792480509728193">
        <ele>775.19</ele>
      </trkpt>
      <trkpt lat="48.751713037490845" lon="13.792097121477127">
        <ele>773.27</ele>
      </trkpt>
      <trkpt lat="48.751626620069146" lon="13.79171364940703">
        <ele>771.58</ele>
      </trkpt>
      <trkpt lat="48.75154095701873" lon="13.791333949193358">
        <ele>770.16</ele>
      </trkpt>
      <trkpt lat="48.751509357243776" lon="13.791054747998714">
        <ele>769.07</ele>
      </trkpt>
      <trkpt lat="48.75147792510688" lon="13.79077697172761">
        <ele>768.19</ele>
      </trkpt>
      <trkpt lat="48.75150399282575" lon="13.790340945124626">
        <ele>767.52</ele>
      </trkpt>
      <trkpt lat="48.75166299752891" lon="13.789987983182073">
        <ele>767.1</ele>
      </trkpt>
      <trkpt lat="48.751888973638415" lon="13.789755972102284">
        <ele>767.1</ele>
      </trkpt>
      <trkpt lat="48.752055605873466" lon="13.789920089766383">
        <ele>767.48</ele>
      </trkpt>
      <trkpt lat="48.75222198665142" lon="13.790083955973387">
        <ele>768.08</ele>
      </trkpt>
      <trkpt lat="48.75240194611251" lon="13.79017892293632">
        <ele>768.91</ele>
      </trkpt>
      <trkpt lat="48.75268240459263" lon="13.790203481912613">
        <ele>769.96</ele>
      </trkpt>
      <trkpt lat="48.752962946891785" lon="13.790227957069874">
        <ele>771.31</ele>
      </trkpt>
      <trkpt lat="48.75312396325171" lon="13.790187472477555">
        <ele>772.79</ele>
      </trkpt>
      <trkpt lat="48.753284979611635" lon="13.790146987885237">
        <ele>774.47</ele>
      </trkpt>
      <trkpt lat="48.753456976264715" lon="13.790293922647834">
        <ele>776.46</ele>
      </trkpt>
      <trkpt lat="48.75366199761629" lon="13.79041495732963">
        <ele>778.67</ele>
      </trkpt>
      <trkpt lat="48.75380792655051" lon="13.79045695066452">
        <ele>781.08</ele>
      </trkpt>
      <trkpt lat="48.753990987315774" lon="13.79038997925818">
        <ele>783.65</ele>
      </trkpt>
      <trkpt lat="48.75423062592745" lon="13.790256287902594">
        <ele>786.32</ele>
      </trkpt>
      <trkpt lat="48.754470348358154" lon="13.790122596547008">
        <ele>789.29</ele>
      </trkpt>
      <trkpt lat="48.75470998696983" lon="13.789988989010453">
        <ele>792.52</ele>
      </trkpt>
      <trkpt lat="48.754977034404874" lon="13.789836606010795">
        <ele>795.93</ele>
      </trkpt>
      <trkpt lat="48.75524408183992" lon="13.789684223011136">
        <ele>799.45</ele>
      </trkpt>
      <trkpt lat="48.7555109616369" lon="13.78953192383051">
        <ele>803.05</ele>
      </trkpt>
      <trkpt lat="48.755759317427874" lon="13.78944793716073">
        <ele>806.76</ele>
      </trkpt>
      <trkpt lat="48.756007589399815" lon="13.789363950490952">
        <ele>810.57</ele>
      </trkpt>
      <trkpt lat="48.75625594519079" lon="13.789279963821173">
        <ele>814.44</ele>
      </trkpt>
      <trkpt lat="48.75649223104119" lon="13.789291279390454">
        <ele>818.33</ele>
      </trkpt>
      <trkpt lat="48.7567285168916" lon="13.789302594959736">
        <ele>822.38</ele>
      </trkpt>
      <trkpt lat="48.75696497038007" lon="13.78931399434805">
        <ele>826.6</ele>
      </trkpt>
      <trkpt lat="48.75720854848623" lon="13.789481967687607">
        <ele>830.98</ele>
      </trkpt>
      <trkpt lat="48.757451958954334" lon="13.789649941027164">
        <ele>835.34</ele>
      </trkpt>
      <trkpt lat="48.75769084319472" lon="13.789950935170054">
        <ele>839.75</ele>
      </trkpt>
      <trkpt lat="48.757929811254144" lon="13.790251929312944">
        <ele>844.22</ele>
      </trkpt>
      <trkpt lat="48.75816794112325" lon="13.790551917627454">
        <ele>848.69</ele>
      </trkpt>
      <trkpt lat="48.75819803215563" lon="13.790836231783032">
        <ele>853.04</ele>
      </trkpt>
      <trkpt lat="48.758227955549955" lon="13.791118953377008">
        <ele>857.43</ele>
      </trkpt>
      <trkpt lat="48.75822661444545" lon="13.791455905884504">
        <ele>861.82</ele>
      </trkpt>
      <trkpt lat="48.75822527334094" lon="13.791792774572968">
        <ele>866.21</ele>
      </trkpt>
      <trkpt lat="48.75822393223643" lon="13.792126961052418">
        <ele>870.65</ele>
      </trkpt>
      <trkpt lat="48.75834689475596" lon="13.79242753610015">
        <ele>875.2</ele>
      </trkpt>
      <trkpt lat="48.758469773456454" lon="13.79272811114788">
        <ele>879.74</ele>
      </trkpt>
      <trkpt lat="48.758591981604695" lon="13.793026925995946">
        <ele>884.26</ele>
      </trkpt>
      <trkpt lat="48.75870798714459" lon="13.793258937075734">
        <ele>888.77</ele>
      </trkpt>
      <trkpt lat="48.75897763296962" lon="13.793485080823302">
        <ele>893.43</ele>
      </trkpt>
      <trkpt lat="48.75924694351852" lon="13.793710973113775">
        <ele>898.23</ele>
      </trkpt>
      <trkpt lat="48.75950292684138" lon="13.793799988925457">
        <ele>902.83</ele>
      </trkpt>
      <trkpt lat="48.75957299955189" lon="13.793802922591567">
        <ele>907.4</ele>
      </trkpt>
      <trkpt lat="48.759815990924835" lon="13.7939134798944">
        <ele>912.07</ele>
      </trkpt>
      <trkpt lat="48.76005898229778" lon="13.7940239533782">
        <ele>916.8</ele>
      </trkpt>
      <trkpt lat="48.76034296117723" lon="13.794144988059998">
        <ele>921.6</ele>
      </trkpt>
      <trkpt lat="48.76062694005668" lon="13.794265938922763">
        <ele>926.5</ele>
      </trkpt>
      <trkpt lat="48.76091091893613" lon="13.79438697360456">
        <ele>931.51</ele>
      </trkpt>
      <trkpt lat="48.7611130066216" lon="13.794502979144454">
        <ele>936.57</ele>
      </trkpt>
      <trkpt lat="48.761314926669" lon="13.794618984684348">
        <ele>941.65</ele>
      </trkpt>
      <trkpt lat="48.76156412065029" lon="13.794850744307041">
        <ele>946.85</ele>
      </trkpt>
      <trkpt lat="48.76181323081255" lon="13.795082587748766">
        <ele>952.04</ele>
      </trkpt>
      <trkpt lat="48.76206192187965" lon="13.7953139282763">
        <ele>957.17</ele>
      </trkpt>
      <trkpt lat="48.762280186638236" lon="13.795579466968775">
        <ele>962.33</ele>
      </trkpt>
      <trkpt lat="48.76249836757779" lon="13.795844921842217">
        <ele>967.51</ele>
      </trkpt>
      <trkpt lat="48.762716548517346" lon="13.796110460534692">
        <ele>972.64</ele>
      </trkpt>
      <trkpt lat="48.762933975085616" lon="13.796374993398786">
        <ele>977.8</ele>
      </trkpt>
      <trkpt lat="48.76315861009061" lon="13.796618320047855">
        <ele>982.96</ele>
      </trkpt>
      <trkpt lat="48.76338332891464" lon="13.796861646696925">
        <ele>988.05</ele>
      </trkpt>
      <trkpt lat="48.76360796391964" lon="13.797105057165027">
        <ele>993.07</ele>
      </trkpt>
      <trkpt lat="48.76383268274367" lon="13.797348383814096">
        <ele>998.01</ele>
      </trkpt>
      <trkpt lat="48.764057317748666" lon="13.797591710463166">
        <ele>1002.83</ele>
      </trkpt>
      <trkpt lat="48.76428094692528" lon="13.797833947464824">
        <ele>1007.56</ele>
      </trkpt>
      <trkpt lat="48.76446207985282" lon="13.79799353890121">
        <ele>1012.19</ele>
      </trkpt>
      <trkpt lat="48.76464296132326" lon="13.798152962699533">
        <ele>1016.79</ele>
      </trkpt>
      <trkpt lat="48.764905566349626" lon="13.798325965180993">
        <ele>1021.25</ele>
      </trkpt>
      <trkpt lat="48.765167919918895" lon="13.798498967662454">
        <ele>1025.55</ele>
      </trkpt>
      <trkpt lat="48.76542943529785" lon="13.79857993684709">
        <ele>1029.75</ele>
      </trkpt>
      <trkpt lat="48.7656909506768" lon="13.79866098985076">
        <ele>1033.88</ele>
      </trkpt>
      <trkpt lat="48.76586093567312" lon="13.798679932951927">
        <ele>1037.82</ele>
      </trkpt>
      <trkpt lat="48.76604776829481" lon="13.799055106937885">
        <ele>1041.95</ele>
      </trkpt>
      <trkpt lat="48.76623393036425" lon="13.799428939819336">
        <ele>1045.94</ele>
      </trkpt>
      <trkpt lat="48.766401233151555" lon="13.799710823222995">
        <ele>1049.57</ele>
      </trkpt>
      <trkpt lat="48.76656794920564" lon="13.799991952255368">
        <ele>1053.06</ele>
      </trkpt>
      <trkpt lat="48.766659647226334" lon="13.800200829282403">
        <ele>1056.33</ele>
      </trkpt>
      <trkpt lat="48.76675092615187" lon="13.800408951938152">
        <ele>1059.43</ele>
      </trkpt>
      <trkpt lat="48.76685067079961" lon="13.800722602754831">
        <ele>1062.38</ele>
      </trkpt>
      <trkpt lat="48.766949996352196" lon="13.801034996286035">
        <ele>1065.1</ele>
      </trkpt>
      <trkpt lat="48.76696097664535" lon="13.80106894299388">
        <ele>1067.47</ele>
      </trkpt>
      <trkpt lat="48.767007580026984" lon="13.801351161673665">
        <ele>1069.73</ele>
      </trkpt>
      <trkpt lat="48.76705393195152" lon="13.801631955429912">
        <ele>1071.79</ele>
      </trkpt>
      <trkpt lat="48.76726699993014" lon="13.801311934366822">
        <ele>1073.64</ele>
      </trkpt>
      <trkpt lat="48.76737093552947" lon="13.801094926893711">
        <ele>1075.29</ele>
      </trkpt>
      <trkpt lat="48.767485935240984" lon="13.800781359896064">
        <ele>1076.72</ele>
      </trkpt>
      <trkpt lat="48.7676009349525" lon="13.800467709079385">
        <ele>1077.94</ele>
      </trkpt>
      <trkpt lat="48.76771593466401" lon="13.800154058262706">
        <ele>1079.03</ele>
      </trkpt>
      <trkpt lat="48.767829928547144" lon="13.799842922016978">
        <ele>1079.9</ele>
      </trkpt>
      <trkpt lat="48.76797820441425" lon="13.799477219581604">
        <ele>1080.61</ele>
      </trkpt>
      <trkpt lat="48.76812597736716" lon="13.799112942069769">
        <ele>1081.26</ele>
      </trkpt>
      <trkpt lat="48.768263859674335" lon="13.798842541873455">
        <ele>1081.8</ele>
      </trkpt>
      <trkpt lat="48.768401741981506" lon="13.79857205785811">
        <ele>1082.17</ele>
      </trkpt>
      <trkpt lat="48.768538953736424" lon="13.798302998766303">
        <ele>1082.45</ele>
      </trkpt>
      <trkpt lat="48.76869896426797" lon="13.798057995736599">
        <ele>1082.62</ele>
      </trkpt>
      <trkpt lat="48.76891245134175" lon="13.797779884189367">
        <ele>1082.62</ele>
      </trkpt>
      <trkpt lat="48.76912593841553" lon="13.797501856461167">
        <ele>1082.57</ele>
      </trkpt>
      <trkpt lat="48.769339341670275" lon="13.797223828732967">
        <ele>1082.49</ele>
      </trkpt>
      <trkpt lat="48.76955199055374" lon="13.796946974471211">
        <ele>1082.42</ele>
      </trkpt>
      <trkpt lat="48.769691130146384" lon="13.796718651428819">
        <ele>1082.23</ele>
      </trkpt>
      <trkpt lat="48.769829934462905" lon="13.79649099893868">
        <ele>1081.98</ele>
      </trkpt>
      <trkpt lat="48.76998198218644" lon="13.796138959005475">
        <ele>1081.7</ele>
      </trkpt>
      <trkpt lat="48.770087510347366" lon="13.795798905193806">
        <ele>1081.39</ele>
      </trkpt>
      <trkpt lat="48.77019312232733" lon="13.795458767563105">
        <ele>1081.11</ele>
      </trkpt>
      <trkpt lat="48.770297979936004" lon="13.795120976865292">
        <ele>1080.75</ele>
      </trkpt>
      <trkpt lat="48.77037014812231" lon="13.794818222522736">
        <ele>1080.44</ele>
      </trkpt>
      <trkpt lat="48.77044231630862" lon="13.794515551999211">
        <ele>1080.18</ele>
      </trkpt>
      <trkpt lat="48.770513981580734" lon="13.79421497695148">
        <ele>1079.99</ele>
      </trkpt>
      <trkpt lat="48.77063593827188" lon="13.793814992532134">
        <ele>1079.86</ele>
      </trkpt>
      <trkpt lat="48.77070492133498" lon="13.793644923716784">
        <ele>1079.8</ele>
      </trkpt>
      <trkpt lat="48.77085294574499" lon="13.793403944000602">
        <ele>1079.85</ele>
      </trkpt>
      <trkpt lat="48.771078921854496" lon="13.793265977874398">
        <ele>1079.99</ele>
      </trkpt>
      <trkpt lat="48.771259970963" lon="13.793286932632327">
        <ele>1080.12</ele>
      </trkpt>
      <trkpt lat="48.77136994153261" lon="13.7933539878577">
        <ele>1080.21</ele>
      </trkpt>
      <trkpt lat="48.771498100832105" lon="13.793535707518458">
        <ele>1080.35</ele>
      </trkpt>
      <trkpt lat="48.77162592485547" lon="13.793716924265027">
        <ele>1080.49</ele>
      </trkpt>
      <trkpt lat="48.77174561843276" lon="13.793945331126451">
        <ele>1080.67</ele>
      </trkpt>
      <trkpt lat="48.77186497673392" lon="13.79417298361659">
        <ele>1080.85</ele>
      </trkpt>
      <trkpt lat="48.77201727591455" lon="13.794538350775838">
        <ele>1081.02</ele>
      </trkpt>
      <trkpt lat="48.77216957509518" lon="13.794903634116054">
        <ele>1081.21</ele>
      </trkpt>
      <trkpt lat="48.772320952266455" lon="13.79526698961854">
        <ele>1081.47</ele>
      </trkpt>
      <trkpt lat="48.7723289988935" lon="13.795284926891327">
        <ele>1081.8</ele>
      </trkpt>
      <trkpt lat="48.77254793420434" lon="13.795582987368107">
        <ele>1082.16</ele>
      </trkpt>
      <trkpt lat="48.77280869521201" lon="13.795737465843558">
        <ele>1082.42</ele>
      </trkpt>
      <trkpt lat="48.77306937240064" lon="13.795892028138041">
        <ele>1082.73</ele>
      </trkpt>
      <trkpt lat="48.77333013340831" lon="13.796046506613493">
        <ele>1083.06</ele>
      </trkpt>
      <trkpt lat="48.77359081059694" lon="13.796201068907976">
        <ele>1083.44</ele>
      </trkpt>
      <trkpt lat="48.77385157160461" lon="13.79635563120246">
        <ele>1083.78</ele>
      </trkpt>
      <trkpt lat="48.77411199733615" lon="13.796509942039847">
        <ele>1084.08</ele>
      </trkpt>
      <trkpt lat="48.77436798065901" lon="13.796589989215136">
        <ele>1084.35</ele>
      </trkpt>
      <trkpt lat="48.77452941611409" lon="13.796612955629826">
        <ele>1084.53</ele>
      </trkpt>
      <trkpt lat="48.77469093538821" lon="13.796635922044516">
        <ele>1084.56</ele>
      </trkpt>
      <trkpt lat="48.7749242875725" lon="13.796598622575402">
        <ele>1084.49</ele>
      </trkpt>
      <trkpt lat="48.77515755593777" lon="13.796561323106289">
        <ele>1084.28</ele>
      </trkpt>
      <trkpt lat="48.775390991941094" lon="13.796523939818144">
        <ele>1084.05</ele>
      </trkpt>
      <trkpt lat="48.77558344043791" lon="13.796437438577414">
        <ele>1083.67</ele>
      </trkpt>
      <trkpt lat="48.77577597275376" lon="13.796350937336683">
        <ele>1083.2</ele>
      </trkpt>
      <trkpt lat="48.77600798383355" lon="13.796194950118661">
        <ele>1082.55</ele>
      </trkpt>
      <trkpt lat="48.77605299465358" lon="13.795962939038873">
        <ele>1081.61</ele>
      </trkpt>
      <trkpt lat="48.77608057111502" lon="13.795623555779457">
        <ele>1080.41</ele>
      </trkpt>
      <trkpt lat="48.77610797993839" lon="13.795285932719707">
        <ele>1079.05</ele>
      </trkpt>
      <trkpt lat="48.77617713063955" lon="13.794899275526404">
        <ele>1077.45</ele>
      </trkpt>
      <trkpt lat="48.77624628134072" lon="13.794512702152133">
        <ele>1075.69</ele>
      </trkpt>
      <trkpt lat="48.77631492912769" lon="13.79412897862494">
        <ele>1073.82</ele>
      </trkpt>
      <trkpt lat="48.77645297907293" lon="13.793725641444325">
        <ele>1071.88</ele>
      </trkpt>
      <trkpt lat="48.776591029018164" lon="13.793322304263711">
        <ele>1069.7</ele>
      </trkpt>
      <trkpt lat="48.7767290789634" lon="13.792918883264065">
        <ele>1067.42</ele>
      </trkpt>
      <trkpt lat="48.77686595544219" lon="13.79251898266375">
        <ele>1064.86</ele>
      </trkpt>
      <trkpt lat="48.776951199397445" lon="13.792180689051747">
        <ele>1062.12</ele>
      </trkpt>
      <trkpt lat="48.77703594043851" lon="13.791843988001347">
        <ele>1059.29</ele>
      </trkpt>
      <trkpt lat="48.77711766399443" lon="13.791580377146602">
        <ele>1056.49</ele>
      </trkpt>
      <trkpt lat="48.777198968455195" lon="13.7913179397583">
        <ele>1053.58</ele>
      </trkpt>
      <trkpt lat="48.77735663205385" lon="13.791095232591033">
        <ele>1050.77</ele>
      </trkpt>
      <trkpt lat="48.77751396037638" lon="13.790872944518924">
        <ele>1047.93</ele>
      </trkpt>
      <trkpt lat="48.77752896398306" lon="13.790694996714592">
        <ele>1044.89</ele>
      </trkpt>
      <trkpt lat="48.777434919029474" lon="13.790526939556003">
        <ele>1041.73</ele>
      </trkpt>
      <trkpt lat="48.77718446776271" lon="13.790410934016109">
        <ele>1038.34</ele>
      </trkpt>
      <trkpt lat="48.77693393267691" lon="13.790294928476214">
        <ele>1034.9</ele>
      </trkpt>
      <trkpt lat="48.77669395878911" lon="13.790056966245174">
        <ele>1031.56</ele>
      </trkpt>
      <trkpt lat="48.776595471426845" lon="13.789690090343356">
        <ele>1028.49</ele>
      </trkpt>
      <trkpt lat="48.77649698406458" lon="13.789323214441538">
        <ele>1025.28</ele>
      </trkpt>
      <trkpt lat="48.77639849670231" lon="13.788956422358751">
        <ele>1022.02</ele>
      </trkpt>
      <trkpt lat="48.7763009313494" lon="13.788592983037233">
        <ele>1018.91</ele>
      </trkpt>
      <trkpt lat="48.77626086585224" lon="13.78820925951004">
        <ele>1016.05</ele>
      </trkpt>
      <trkpt lat="48.776220716536045" lon="13.787825619801879">
        <ele>1013.35</ele>
      </trkpt>
      <trkpt lat="48.77618098631501" lon="13.78744499757886">
        <ele>1010.8</ele>
      </trkpt>
      <trkpt lat="48.77619498409331" lon="13.786967983469367">
        <ele>1008.36</ele>
      </trkpt>
      <trkpt lat="48.77620906569064" lon="13.786491053178906">
        <ele>1006.1</ele>
      </trkpt>
      <trkpt lat="48.7762229796499" lon="13.786017978563905">
        <ele>1004.03</ele>
      </trkpt>
      <trkpt lat="48.77630386501551" lon="13.785572480410337">
        <ele>1002.29</ele>
      </trkpt>
      <trkpt lat="48.77638466656208" lon="13.785127066075802">
        <ele>1000.87</ele>
      </trkpt>
      <trkpt lat="48.776464965194464" lon="13.784684920683503">
        <ele>999.79</ele>
      </trkpt>
      <trkpt lat="48.77655817195773" lon="13.784329360350966">
        <ele>999.04</ele>
      </trkpt>
      <trkpt lat="48.776651378721" lon="13.78397380001843">
        <ele>998.52</ele>
      </trkpt>
      <trkpt lat="48.776744585484266" lon="13.783618239685893">
        <ele>998.42</ele>
      </trkpt>
      <trkpt lat="48.77683695405722" lon="13.783265948295593">
        <ele>998.66</ele>
      </trkpt>
      <trkpt lat="48.777113975957036" lon="13.783111972734332">
        <ele>999.53</ele>
      </trkpt>
      <trkpt lat="48.77737004309893" lon="13.782928576692939">
        <ele>1000.56</ele>
      </trkpt>
      <trkpt lat="48.77762611024082" lon="13.782745180651546">
        <ele>1001.98</ele>
      </trkpt>
      <trkpt lat="48.77788192592561" lon="13.782561952248216">
        <ele>1003.89</ele>
      </trkpt>
      <trkpt lat="48.77813329920173" lon="13.782458268105984">
        <ele>1006.11</ele>
      </trkpt>
      <trkpt lat="48.77838467247784" lon="13.782354583963752">
        <ele>1008.6</ele>
      </trkpt>
      <trkpt lat="48.778635961934924" lon="13.782250983640552">
        <ele>1011.34</ele>
      </trkpt>
      <trkpt lat="48.77852791920304" lon="13.78244292922318">
        <ele>1014.18</ele>
      </trkpt>
      <trkpt lat="48.77839590422809" lon="13.782812906429172">
        <ele>1017.34</ele>
      </trkpt>
      <trkpt lat="48.77826380543411" lon="13.783182883635163">
        <ele>1020.71</ele>
      </trkpt>
      <trkpt lat="48.778131706640124" lon="13.783552860841155">
        <ele>1024.36</ele>
      </trkpt>
      <trkpt lat="48.77799969166517" lon="13.783922838047147">
        <ele>1028.2</ele>
      </trkpt>
      <trkpt lat="48.7778689339757" lon="13.78428895957768">
        <ele>1032.32</ele>
      </trkpt>
      <trkpt lat="48.77776499837637" lon="13.784578973427415">
        <ele>1036.61</ele>
      </trkpt>
      <trkpt lat="48.777733985334635" lon="13.784666983410716">
        <ele>1040.93</ele>
      </trkpt>
      <trkpt lat="48.77776105888188" lon="13.785054981708527">
        <ele>1045.71</ele>
      </trkpt>
      <trkpt lat="48.77778796479106" lon="13.785440968349576">
        <ele>1050.59</ele>
      </trkpt>
      <trkpt lat="48.77802793867886" lon="13.785488996654749">
        <ele>1055.5</ele>
      </trkpt>
      <trkpt lat="48.77823757007718" lon="13.785306857898831">
        <ele>1060.25</ele>
      </trkpt>
      <trkpt lat="48.778446950018406" lon="13.785124970600009">
        <ele>1065.05</ele>
      </trkpt>
      <trkpt lat="48.778656581416726" lon="13.784942831844091">
        <ele>1069.92</ele>
      </trkpt>
      <trkpt lat="48.77886596135795" lon="13.784760944545269">
        <ele>1074.74</ele>
      </trkpt>
      <trkpt lat="48.779074335470796" lon="13.784620882943273">
        <ele>1079.49</ele>
      </trkpt>
      <trkpt lat="48.77928270958364" lon="13.784480905160308">
        <ele>1084.23</ele>
      </trkpt>
      <trkpt lat="48.77949099987745" lon="13.784340927377343">
        <ele>1088.84</ele>
      </trkpt>
      <trkpt lat="48.77939569763839" lon="13.784749964252114">
        <ele>1093.18</ele>
      </trkpt>
      <trkpt lat="48.779300982132554" lon="13.785156989470124">
        <ele>1097.45</ele>
      </trkpt>
      <trkpt lat="48.77923325635493" lon="13.785560494288802">
        <ele>1101.53</ele>
      </trkpt>
      <trkpt lat="48.77916594967246" lon="13.785961987450719">
        <ele>1105.4</ele>
      </trkpt>
      <trkpt lat="48.779155975207686" lon="13.786409916356206">
        <ele>1109.08</ele>
      </trkpt>
      <trkpt lat="48.779260916635394" lon="13.786312937736511">
        <ele>1112.41</ele>
      </trkpt>
      <trkpt lat="48.7794662732631" lon="13.785974476486444">
        <ele>1115.41</ele>
      </trkpt>
      <trkpt lat="48.779670959338546" lon="13.785636937245727">
        <ele>1118.27</ele>
      </trkpt>
      <trkpt lat="48.77976693212986" lon="13.785476926714182">
        <ele>1120.77</ele>
      </trkpt>
      <trkpt lat="48.77990213222802" lon="13.78530777990818">
        <ele>1123.04</ele>
      </trkpt>
      <trkpt lat="48.78003699705005" lon="13.785138968378305">
        <ele>1124.98</ele>
      </trkpt>
      <trkpt lat="48.78019399009645" lon="13.785080965608358">
        <ele>1126.59</ele>
      </trkpt>
      <trkpt lat="48.78041644580662" lon="13.78499899059534">
        <ele>1127.83</ele>
      </trkpt>
      <trkpt lat="48.78063898533583" lon="13.784916931763291">
        <ele>1128.63</ele>
      </trkpt>
      <trkpt lat="48.78079891204834" lon="13.78491098061204">
        <ele>1129.06</ele>
      </trkpt>
      <trkpt lat="48.780958922579885" lon="13.784904945641756">
        <ele>1129.11</ele>
      </trkpt>
      <trkpt lat="48.78105699084699" lon="13.784620966762304">
        <ele>1128.57</ele>
      </trkpt>
      <trkpt lat="48.78121272660792" lon="13.784276805818081">
        <ele>1127.61</ele>
      </trkpt>
      <trkpt lat="48.781367959454656" lon="13.783933985978365">
        <ele>1126.25</ele>
      </trkpt>
      <trkpt lat="48.78147415816784" lon="13.783643888309598">
        <ele>1124.54</ele>
      </trkpt>
      <trkpt lat="48.781579937785864" lon="13.783354964107275">
        <ele>1122.52</ele>
      </trkpt>
      <trkpt lat="48.78174983896315" lon="13.783021783456206">
        <ele>1120.22</ele>
      </trkpt>
      <trkpt lat="48.78191974014044" lon="13.782688602805138">
        <ele>1117.67</ele>
      </trkpt>
      <trkpt lat="48.782089641317725" lon="13.7823555059731">
        <ele>1114.81</ele>
      </trkpt>
      <trkpt lat="48.78225954249501" lon="13.782022325322032">
        <ele>1111.71</ele>
      </trkpt>
      <trkpt lat="48.78242952749133" lon="13.781689144670963">
        <ele>1108.36</ele>
      </trkpt>
      <trkpt lat="48.78259942866862" lon="13.781355964019895">
        <ele>1104.78</ele>
      </trkpt>
      <trkpt lat="48.782769329845905" lon="13.781022783368826">
        <ele>1101.05</ele>
      </trkpt>
      <trkpt lat="48.782936967909336" lon="13.780693961307406">
        <ele>1097.11</ele>
      </trkpt>
      <trkpt lat="48.78318984992802" lon="13.780412077903748">
        <ele>1092.99</ele>
      </trkpt>
      <trkpt lat="48.78344273194671" lon="13.780130194500089">
        <ele>1088.76</ele>
      </trkpt>
      <trkpt lat="48.78369494341314" lon="13.779848981648684">
        <ele>1084.3</ele>
      </trkpt>
      <trkpt lat="48.78379996865988" lon="13.779727946966887">
        <ele>1079.9</ele>
      </trkpt>
      <trkpt lat="48.78392720595002" lon="13.779437933117151">
        <ele>1075.34</ele>
      </trkpt>
      <trkpt lat="48.784053940325975" lon="13.779148925095797">
        <ele>1070.68</ele>
      </trkpt>
      <trkpt lat="48.784150667488575" lon="13.778709378093481">
        <ele>1065.92</ele>
      </trkpt>
      <trkpt lat="48.784246975556016" lon="13.778271926566958">
        <ele>1061.24</ele>
      </trkpt>
      <trkpt lat="48.78431361168623" lon="13.777969758957624">
        <ele>1056.59</ele>
      </trkpt>
      <trkpt lat="48.78437999635935" lon="13.777668932452798">
        <ele>1051.94</ele>
      </trkpt>
      <trkpt lat="48.78438695333898" lon="13.777313455939293">
        <ele>1047.28</ele>
      </trkpt>
      <trkpt lat="48.784393994137645" lon="13.776959991082549">
        <ele>1042.61</ele>
      </trkpt>
      <trkpt lat="48.7843513302505" lon="13.776626558974385">
        <ele>1037.98</ele>
      </trkpt>
      <trkpt lat="48.784308917820454" lon="13.77629497088492">
        <ele>1033.45</ele>
      </trkpt>
      <trkpt lat="48.78434252925217" lon="13.77602574415505">
        <ele>1029.0</ele>
      </trkpt>
      <trkpt lat="48.784375973045826" lon="13.775757942348719">
        <ele>1024.61</ele>
      </trkpt>
      <trkpt lat="48.78452626056969" lon="13.775349659845233">
        <ele>1020.18</ele>
      </trkpt>
      <trkpt lat="48.784675961360335" lon="13.77494296990335">
        <ele>1015.81</ele>
      </trkpt>
      <trkpt lat="48.78483161330223" lon="13.77473920583725">
        <ele>1011.49</ele>
      </trkpt>
      <trkpt lat="48.784986929968" lon="13.77453594468534">
        <ele>1007.28</ele>
      </trkpt>
      <trkpt lat="48.78514316864312" lon="13.774299658834934">
        <ele>1003.14</ele>
      </trkpt>
      <trkpt lat="48.785298988223076" lon="13.77406395971775">
        <ele>999.07</ele>
      </trkpt>
      <trkpt lat="48.78542614169419" lon="13.773791464045644">
        <ele>995.14</ele>
      </trkpt>
      <trkpt lat="48.78555337898433" lon="13.773518968373537">
        <ele>991.34</ele>
      </trkpt>
      <trkpt lat="48.78567994572222" lon="13.773247981444001">
        <ele>987.66</ele>
      </trkpt>
      <trkpt lat="48.78572294488549" lon="13.773025944828987">
        <ele>984.15</ele>
      </trkpt>
      <trkpt lat="48.78577893599868" lon="13.772732997313142">
        <ele>980.73</ele>
      </trkpt>
      <trkpt lat="48.785832077264786" lon="13.772313566878438">
        <ele>977.4</ele>
      </trkpt>
      <trkpt lat="48.78588521853089" lon="13.771894220262766">
        <ele>974.19</ele>
      </trkpt>
      <trkpt lat="48.785938359797" lon="13.771474873647094">
        <ele>971.11</ele>
      </trkpt>
      <trkpt lat="48.78599099814892" lon="13.771059969440103">
        <ele>968.22</ele>
      </trkpt>
      <trkpt lat="48.78608454018831" lon="13.770612543448806">
        <ele>965.56</ele>
      </trkpt>
      <trkpt lat="48.78617808222771" lon="13.770165117457509">
        <ele>962.99</ele>
      </trkpt>
      <trkpt lat="48.7862716242671" lon="13.769717691466212">
        <ele>960.74</ele>
      </trkpt>
      <trkpt lat="48.78636525012553" lon="13.769270265474916">
        <ele>958.77</ele>
      </trkpt>
      <trkpt lat="48.78645879216492" lon="13.768822839483619">
        <ele>957.05</ele>
      </trkpt>
      <trkpt lat="48.78655099309981" lon="13.768381951376796">
        <ele>955.64</ele>
      </trkpt>
      <trkpt lat="48.78634136170149" lon="13.768714712932706">
        <ele>954.7</ele>
      </trkpt>
      <trkpt lat="48.78613173030317" lon="13.769047558307648">
        <ele>954.04</ele>
      </trkpt>
      <trkpt lat="48.785922937095165" lon="13.76937897875905">
        <ele>953.62</ele>
      </trkpt>
      <trkpt lat="48.78570576198399" lon="13.769634207710624">
        <ele>953.41</ele>
      </trkpt>
      <trkpt lat="48.78548892214894" lon="13.769888933748007">
        <ele>953.44</ele>
      </trkpt>
      <trkpt lat="48.785283816978335" lon="13.770077778026462">
        <ele>953.65</ele>
      </trkpt>
      <trkpt lat="48.78507871180773" lon="13.770266538485885">
        <ele>954.03</ele>
      </trkpt>
      <trkpt lat="48.78487394191325" lon="13.77045496366918">
        <ele>954.58</ele>
      </trkpt>
      <trkpt lat="48.78467579372227" lon="13.770661074668169">
        <ele>955.36</ele>
      </trkpt>
      <trkpt lat="48.784477980807424" lon="13.770866934210062">
        <ele>956.34</ele>
      </trkpt>
      <trkpt lat="48.78428477793932" lon="13.771091820672154">
        <ele>957.53</ele>
      </trkpt>
      <trkpt lat="48.784091575071216" lon="13.771316707134247">
        <ele>958.79</ele>
      </trkpt>
      <trkpt lat="48.783898958936334" lon="13.771540923044086">
        <ele>960.23</ele>
      </trkpt>
      <trkpt lat="48.78366183489561" lon="13.771729012951255">
        <ele>961.73</ele>
      </trkpt>
      <trkpt lat="48.78342496231198" lon="13.77191693522036">
        <ele>963.3</ele>
      </trkpt>
      <trkpt lat="48.78314324654639" lon="13.772084657102823">
        <ele>965.03</ele>
      </trkpt>
      <trkpt lat="48.78286153078079" lon="13.772252378985286">
        <ele>966.89</ele>
      </trkpt>
      <trkpt lat="48.78257998265326" lon="13.772419933229685">
        <ele>968.87</ele>
      </trkpt>
      <trkpt lat="48.78233992494643" lon="13.772541973739862">
        <ele>970.86</ele>
      </trkpt>
      <trkpt lat="48.782099867239594" lon="13.77266401425004">
        <ele>972.78</ele>
      </trkpt>
      <trkpt lat="48.78185989335179" lon="13.772785970941186">
        <ele>974.75</ele>
      </trkpt>
      <trkpt lat="48.78161983564496" lon="13.772908011451364">
        <ele>976.76</ele>
      </trkpt>
      <trkpt lat="48.78137994557619" lon="13.77302996814251">
        <ele>978.75</ele>
      </trkpt>
      <trkpt lat="48.78120241686702" lon="13.773101968690753">
        <ele>980.65</ele>
      </trkpt>
      <trkpt lat="48.781024971976876" lon="13.773173969238997">
        <ele>982.61</ele>
      </trkpt>
      <trkpt lat="48.78081500530243" lon="13.773180423304439">
        <ele>984.4</ele>
      </trkpt>
      <trkpt lat="48.78060495480895" lon="13.773186961188912">
        <ele>986.08</ele>
      </trkpt>
      <trkpt lat="48.780417451635" lon="13.773276982828975">
        <ele>987.74</ele>
      </trkpt>
      <trkpt lat="48.780229948461056" lon="13.773366920650005">
        <ele>989.31</ele>
      </trkpt>
      <trkpt lat="48.78006532788277" lon="13.773564649745822">
        <ele>990.89</ele>
      </trkpt>
      <trkpt lat="48.77990095876157" lon="13.77376195974648">
        <ele>992.38</ele>
      </trkpt>
      <trkpt lat="48.779727118089795" lon="13.774142665788531">
        <ele>993.85</ele>
      </trkpt>
      <trkpt lat="48.77955336123705" lon="13.774523288011551">
        <ele>995.17</ele>
      </trkpt>
      <trkpt lat="48.77937952056527" lon="13.774903994053602">
        <ele>996.17</ele>
      </trkpt>
      <trkpt lat="48.77920693717897" lon="13.775281934067607">
        <ele>996.97</ele>
      </trkpt>
      <trkpt lat="48.77912823110819" lon="13.775644367560744">
        <ele>997.58</ele>
      </trkpt>
      <trkpt lat="48.77904994413257" lon="13.776004957035184">
        <ele>998.06</ele>
      </trkpt>
      <trkpt lat="48.77910761162639" lon="13.776277117431164">
        <ele>998.42</ele>
      </trkpt>
      <trkpt lat="48.77916494384408" lon="13.776547936722636">
        <ele>998.43</ele>
      </trkpt>
      <trkpt lat="48.77916494384408" lon="13.776546930894256">
        <ele>998.23</ele>
      </trkpt>
      <trkpt lat="48.77914189361036" lon="13.77695269882679">
        <ele>997.6</ele>
      </trkpt>
      <trkpt lat="48.77911884337664" lon="13.777358466759324">
        <ele>996.71</ele>
      </trkpt>
      <trkpt lat="48.77909596078098" lon="13.777760965749621">
        <ele>995.75</ele>
      </trkpt>
      <trkpt lat="48.77900074236095" lon="13.777505904436111">
        <ele>994.74</ele>
      </trkpt>
      <trkpt lat="48.77890594303608" lon="13.777251932770014">
        <ele>993.63</ele>
      </trkpt>
      <trkpt lat="48.778754230588675" lon="13.776990585029125">
        <ele>992.36</ele>
      </trkpt>
      <trkpt lat="48.77860293723643" lon="13.776729991659522">
        <ele>990.93</ele>
      </trkpt>
      <trkpt lat="48.778453236445785" lon="13.776499656960368">
        <ele>989.25</ele>
      </trkpt>
      <trkpt lat="48.7783039547503" lon="13.776269992813468">
        <ele>987.23</ele>
      </trkpt>
      <trkpt lat="48.77822080627084" lon="13.776061031967402">
        <ele>985.23</ele>
      </trkpt>
      <trkpt lat="48.7781379930675" lon="13.775852993130684">
        <ele>983.13</ele>
      </trkpt>
      <trkpt lat="48.77797236666083" lon="13.77568133175373">
        <ele>980.8</ele>
      </trkpt>
      <trkpt lat="48.77780699171126" lon="13.775509921833873">
        <ele>978.42</ele>
      </trkpt>
      <trkpt lat="48.77770540304482" lon="13.77521269954741">
        <ele>976.05</ele>
      </trkpt>
      <trkpt lat="48.77760389819741" lon="13.774915393441916">
        <ele>973.6</ele>
      </trkpt>
      <trkpt lat="48.77750298008323" lon="13.774619931355119">
        <ele>971.16</ele>
      </trkpt>
      <trkpt lat="48.77725294791162" lon="13.774348944425583">
        <ele>968.76</ele>
      </trkpt>
      <trkpt lat="48.77702345140278" lon="13.774247942492366">
        <ele>966.46</ele>
      </trkpt>
      <trkpt lat="48.77679395489395" lon="13.774146940559149">
        <ele>964.09</ele>
      </trkpt>
      <trkpt lat="48.77656395547092" lon="13.774045938625932">
        <ele>961.63</ele>
      </trkpt>
      <trkpt lat="48.77633395604789" lon="13.773944936692715">
        <ele>959.15</ele>
      </trkpt>
      <trkpt lat="48.77617595717311" lon="13.77386899664998">
        <ele>956.74</ele>
      </trkpt>
      <trkpt lat="48.77597998827696" lon="13.773729940876365">
        <ele>954.33</ele>
      </trkpt>
      <trkpt lat="48.775823917239904" lon="13.77356599085033">
        <ele>951.98</ele>
      </trkpt>
      <trkpt lat="48.77574076876044" lon="13.773342026397586">
        <ele>949.69</ele>
      </trkpt>
      <trkpt lat="48.77565795555711" lon="13.773118983954191">
        <ele>947.42</ele>
      </trkpt>
      <trkpt lat="48.77561897970736" lon="13.772936929017305">
        <ele>945.22</ele>
      </trkpt>
      <trkpt lat="48.77563993446529" lon="13.772769961506128">
        <ele>943.01</ele>
      </trkpt>
      <trkpt lat="48.775565922260284" lon="13.77251791767776">
        <ele>940.71</ele>
      </trkpt>
      <trkpt lat="48.77542795613408" lon="13.772233938798308">
        <ele>938.39</ele>
      </trkpt>
      <trkpt lat="48.775349920615554" lon="13.771937973797321">
        <ele>936.07</ele>
      </trkpt>
      <trkpt lat="48.77519099973142" lon="13.771584928035736">
        <ele>933.66</ele>
      </trkpt>
      <trkpt lat="48.775088991969824" lon="13.771433969959617">
        <ele>931.38</ele>
      </trkpt>
      <trkpt lat="48.77500098198652" lon="13.771432964131236">
        <ele>929.11</ele>
      </trkpt>
      <trkpt lat="48.77494792453945" lon="13.771460959687829">
        <ele>926.88</ele>
      </trkpt>
      <trkpt lat="48.774855975061655" lon="13.771391976624727">
        <ele>924.58</ele>
      </trkpt>
      <trkpt lat="48.77479596063495" lon="13.771235989406705">
        <ele>922.28</ele>
      </trkpt>
      <trkpt lat="48.7747569847852" lon="13.771192990243435">
        <ele>920.01</ele>
      </trkpt>
      <trkpt lat="48.77467492595315" lon="13.771240934729576">
        <ele>917.66</ele>
      </trkpt>
      <trkpt lat="48.77459395676851" lon="13.77124696969986">
        <ele>915.3</ele>
      </trkpt>
      <trkpt lat="48.774536959826946" lon="13.771208999678493">
        <ele>912.96</ele>
      </trkpt>
      <trkpt lat="48.77447694540024" lon="13.771106991916895">
        <ele>910.59</ele>
      </trkpt>
      <trkpt lat="48.77447694540024" lon="13.771235989406705">
        <ele>908.39</ele>
      </trkpt>
      <trkpt lat="48.77444199286401" lon="13.771305978298187">
        <ele>906.08</ele>
      </trkpt>
      <trkpt lat="48.77437393181026" lon="13.771317964419723">
        <ele>903.68</ele>
      </trkpt>
      <trkpt lat="48.774342918768525" lon="13.771432964131236">
        <ele>901.33</ele>
      </trkpt>
      <trkpt lat="48.774275947362185" lon="13.771444950252771">
        <ele>898.86</ele>
      </trkpt>
      <trkpt lat="48.77425096929073" lon="13.771514939144254">
        <ele>896.43</ele>
      </trkpt>
      <trkpt lat="48.7741869315505" lon="13.771525919437408">
        <ele>893.89</ele>
      </trkpt>
      <trkpt lat="48.77414493821561" lon="13.771718954667449">
        <ele>891.34</ele>
      </trkpt>
      <trkpt lat="48.774165976792574" lon="13.772022798657417">
        <ele>888.86</ele>
      </trkpt>
      <trkpt lat="48.7741869315505" lon="13.772324966266751">
        <ele>886.29</ele>
      </trkpt>
      <trkpt lat="48.774165976792574" lon="13.772619925439358">
        <ele>883.5</ele>
      </trkpt>
      <trkpt lat="48.7741869315505" lon="13.772791922092438">
        <ele>880.77</ele>
      </trkpt>
      <trkpt lat="48.774128844961524" lon="13.773076655343175">
        <ele>877.82</ele>
      </trkpt>
      <trkpt lat="48.77407092601061" lon="13.773359963670373">
        <ele>874.84</ele>
      </trkpt>
      <trkpt lat="48.773889960721135" lon="13.77365492284298">
        <ele>871.65</ele>
      </trkpt>
      <trkpt lat="48.773805974051356" lon="13.773686941713095">
        <ele>868.59</ele>
      </trkpt>
      <trkpt lat="48.77367798238993" lon="13.773558950051665">
        <ele>865.42</ele>
      </trkpt>
      <trkpt lat="48.77362492494285" lon="13.77335493452847">
        <ele>862.4</ele>
      </trkpt>
      <trkpt lat="48.773458963260055" lon="13.773043965920806">
        <ele>859.18</ele>
      </trkpt>
      <trkpt lat="48.77346592023969" lon="13.772941958159208">
        <ele>856.18</ele>
      </trkpt>
      <trkpt lat="48.77341998741031" lon="13.772769961506128">
        <ele>853.1</ele>
      </trkpt>
      <trkpt lat="48.77333499491215" lon="13.77262495458126">
        <ele>850.01</ele>
      </trkpt>
      <trkpt lat="48.773160986602306" lon="13.772502997890115">
        <ele>846.83</ele>
      </trkpt>
      <trkpt lat="48.77296099439263" lon="13.772361930459738">
        <ele>843.73</ele>
      </trkpt>
      <trkpt lat="48.77291799522936" lon="13.772243997082114">
        <ele>840.74</ele>
      </trkpt>
      <trkpt lat="48.77271297387779" lon="13.772052973508835">
        <ele>837.69</ele>
      </trkpt>
      <trkpt lat="48.7726519536227" lon="13.771903943270445">
        <ele>834.69</ele>
      </trkpt>
      <trkpt lat="48.77266846597195" lon="13.771604122593999">
        <ele>831.74</ele>
      </trkpt>
      <trkpt lat="48.772684978321195" lon="13.771305978298187">
        <ele>828.83</ele>
      </trkpt>
      <trkpt lat="48.77264893613756" lon="13.771120989695191">
        <ele>825.92</ele>
      </trkpt>
      <trkpt lat="48.772560926154256" lon="13.770961984992027">
        <ele>822.97</ele>
      </trkpt>
      <trkpt lat="48.772405944764614" lon="13.770548924803734">
        <ele>819.91</ele>
      </trkpt>
      <trkpt lat="48.77229077741504" lon="13.7703019939363">
        <ele>817.0</ele>
      </trkpt>
      <trkpt lat="48.77217594534159" lon="13.770055985078216">
        <ele>814.26</ele>
      </trkpt>
      <trkpt lat="48.77210897393525" lon="13.769969986751676">
        <ele>811.65</ele>
      </trkpt>
      <trkpt lat="48.77200596034527" lon="13.769671926274896">
        <ele>808.99</ele>
      </trkpt>
      <trkpt lat="48.77195533365011" lon="13.769368166103959">
        <ele>806.5</ele>
      </trkpt>
      <trkpt lat="48.77190495841205" lon="13.769065998494625">
        <ele>804.17</ele>
      </trkpt>
      <trkpt lat="48.77182298339903" lon="13.768729967996478">
        <ele>801.94</ele>
      </trkpt>
      <trkpt lat="48.77174897119403" lon="13.768836921080947">
        <ele>799.87</ele>
      </trkpt>
      <trkpt lat="48.77156297676265" lon="13.76888494938612">
        <ele>797.84</ele>
      </trkpt>
      <trkpt lat="48.77150095067918" lon="13.768918979912996">
        <ele>796.01</ele>
      </trkpt>
      <trkpt lat="48.77137086354196" lon="13.769077146425843">
        <ele>794.29</ele>
      </trkpt>
      <trkpt lat="48.7712409440428" lon="13.769234977662563">
        <ele>792.74</ele>
      </trkpt>
      <trkpt lat="48.771157963201404" lon="13.769336985424161">
        <ele>791.33</ele>
      </trkpt>
      <trkpt lat="48.771141953766346" lon="13.769302954897285">
        <ele>789.97</ele>
      </trkpt>
      <trkpt lat="48.77108596265316" lon="13.769178986549377">
        <ele>788.67</ele>
      </trkpt>
      <trkpt lat="48.77102293074131" lon="13.768985951319337">
        <ele>787.45</ele>
      </trkpt>
      <trkpt lat="48.77087130211294" lon="13.768800292164087">
        <ele>786.3</ele>
      </trkpt>
      <trkpt lat="48.77071992494166" lon="13.768614968284965">
        <ele>785.33</ele>
      </trkpt>
      <trkpt lat="48.77070492133498" lon="13.768597953021526">
        <ele>784.52</ele>
      </trkpt>
      <trkpt lat="48.77069293521345" lon="13.76858496107161">
        <ele>783.8</ele>
      </trkpt>
      <trkpt lat="48.77067793160677" lon="13.768568951636553">
        <ele>783.17</ele>
      </trkpt>
      <trkpt lat="48.77071497961879" lon="13.768472978845239">
        <ele>782.6</ele>
      </trkpt>
      <trkpt lat="48.7706209346652" lon="13.768265945836902">
        <ele>782.15</ele>
      </trkpt>
      <trkpt lat="48.77057299017906" lon="13.768065953627229">
        <ele>781.8</ele>
      </trkpt>
      <trkpt lat="48.77040493302047" lon="13.767969980835915">
        <ele>781.66</ele>
      </trkpt>
      <trkpt lat="48.770409962162375" lon="13.767834948375821">
        <ele>781.42</ele>
      </trkpt>
      <trkpt lat="48.77037894912064" lon="13.767586927860975">
        <ele>781.21</ele>
      </trkpt>
      <trkpt lat="48.77018398605287" lon="13.76753093674779">
        <ele>781.28</ele>
      </trkpt>
      <trkpt lat="48.77004484646022" lon="13.767349300906062">
        <ele>781.33</ele>
      </trkpt>
      <trkpt lat="48.76990595832467" lon="13.76716791652143">
        <ele>781.48</ele>
      </trkpt>
      <trkpt lat="48.7699509691447" lon="13.767089964821935">
        <ele>781.54</ele>
      </trkpt>
      <trkpt lat="48.77000796608627" lon="13.766662990674376">
        <ele>781.47</ele>
      </trkpt>
      <trkpt lat="48.76996295526624" lon="13.76635193824768">
        <ele>781.66</ele>
      </trkpt>
      <trkpt lat="48.769917944446206" lon="13.766047926619649">
        <ele>781.89</ele>
      </trkpt>
      <trkpt lat="48.76994292251766" lon="13.765949942171574">
        <ele>782.25</ele>
      </trkpt>
      <trkpt lat="48.76994191668928" lon="13.765755984932184">
        <ele>782.66</ele>
      </trkpt>
      <trkpt lat="48.769762963056564" lon="13.765549957752228">
        <ele>783.21</ele>
      </trkpt>
      <trkpt lat="48.76967880874872" lon="13.765290873125196">
        <ele>783.73</ele>
      </trkpt>
      <trkpt lat="48.76959498971701" lon="13.765032961964607">
        <ele>784.34</ele>
      </trkpt>
      <trkpt lat="48.76962692476809" lon="13.765047965571284">
        <ele>785.02</ele>
      </trkpt>
      <trkpt lat="48.7697699200362" lon="13.76506196334958">
        <ele>785.69</ele>
      </trkpt>
      <trkpt lat="48.7698439322412" lon="13.765001948922873">
        <ele>786.43</ele>
      </trkpt>
      <trkpt lat="48.76990897580981" lon="13.764866916462779">
        <ele>787.2</ele>
      </trkpt>
      <trkpt lat="48.76996957696974" lon="13.764600791037083">
        <ele>787.99</ele>
      </trkpt>
      <trkpt lat="48.77002992667258" lon="13.764335922896862">
        <ele>788.82</ele>
      </trkpt>
      <trkpt lat="48.77009698189795" lon="13.764146994799376">
        <ele>789.71</ele>
      </trkpt>
      <trkpt lat="48.77022799104452" lon="13.763916995376348">
        <ele>790.73</ele>
      </trkpt>
      <trkpt lat="48.770473999902606" lon="13.76366495154798">
        <ele>791.77</ele>
      </trkpt>
      <trkpt lat="48.770667957141995" lon="13.763540983200073">
        <ele>792.78</ele>
      </trkpt>
      <trkpt lat="48.770777927711606" lon="13.763481974601746">
        <ele>793.62</ele>
      </trkpt>
      <trkpt lat="48.77103793434799" lon="13.763394970446825">
        <ele>794.51</ele>
      </trkpt>
      <trkpt lat="48.77121990546584" lon="13.763415422290564">
        <ele>795.25</ele>
      </trkpt>
      <trkpt lat="48.77140196040273" lon="13.763435957953334">
        <ele>795.86</ele>
      </trkpt>
      <trkpt lat="48.7715519964695" lon="13.763270918279886">
        <ele>796.3</ele>
      </trkpt>
      <trkpt lat="48.77168216742575" lon="13.763050138950348">
        <ele>796.54</ele>
      </trkpt>
      <trkpt lat="48.77181191928685" lon="13.762829946354032">
        <ele>796.59</ele>
      </trkpt>
      <trkpt lat="48.77197997644544" lon="13.762763980776072">
        <ele>796.47</ele>
      </trkpt>
      <trkpt lat="48.77214099280536" lon="13.762753922492266">
        <ele>796.24</ele>
      </trkpt>
      <trkpt lat="48.77205926924944" lon="13.762515960261226">
        <ele>795.76</ele>
      </trkpt>
      <trkpt lat="48.771977964788675" lon="13.762278920039535">
        <ele>795.2</ele>
      </trkpt>
      <trkpt lat="48.77184276469052" lon="13.762002484872937">
        <ele>794.51</ele>
      </trkpt>
      <trkpt lat="48.77170798368752" lon="13.761726971715689">
        <ele>793.72</ele>
      </trkpt>
      <trkpt lat="48.77166096121073" lon="13.761311983689666">
        <ele>792.82</ele>
      </trkpt>
      <trkpt lat="48.771600276231766" lon="13.761061364784837">
        <ele>791.71</ele>
      </trkpt>
      <trkpt lat="48.77153992652893" lon="13.760811919346452">
        <ele>790.39</ele>
      </trkpt>
      <trkpt lat="48.77159792929888" lon="13.760510925203562">
        <ele>788.83</ele>
      </trkpt>
      <trkpt lat="48.771608993411064" lon="13.760413946583867">
        <ele>787.14</ele>
      </trkpt>
      <trkpt lat="48.77164352685213" lon="13.760119657963514">
        <ele>785.23</ele>
      </trkpt>
      <trkpt lat="48.771677976474166" lon="13.759826961904764">
        <ele>783.15</ele>
      </trkpt>
      <trkpt lat="48.77176598645747" lon="13.759650941938162">
        <ele>781.02</ele>
      </trkpt>
      <trkpt lat="48.77193312160671" lon="13.759433263912797">
        <ele>778.7</ele>
      </trkpt>
      <trkpt lat="48.77209992147982" lon="13.759215921163559">
        <ele>776.25</ele>
      </trkpt>
      <trkpt lat="48.772269152104855" lon="13.758995728567243">
        <ele>773.75</ele>
      </trkpt>
      <trkpt lat="48.77243796363473" lon="13.758775955066085">
        <ele>771.24</ele>
      </trkpt>
      <trkpt lat="48.772480962798" lon="13.75867897644639">
        <ele>768.79</ele>
      </trkpt>
      <trkpt lat="48.772572660818696" lon="13.75828905031085">
        <ele>766.21</ele>
      </trkpt>
      <trkpt lat="48.772663939744234" lon="13.757900968194008">
        <ele>763.54</ele>
      </trkpt>
      <trkpt lat="48.7725879997015" lon="13.757638949900866">
        <ele>760.95</ele>
      </trkpt>
      <trkpt lat="48.7725639436394" lon="13.757452955469489">
        <ele>758.46</ele>
      </trkpt>
      <trkpt lat="48.77244098111987" lon="13.757085995748639">
        <ele>755.95</ele>
      </trkpt>
      <trkpt lat="48.77233277074993" lon="13.756854068487883">
        <ele>753.64</ele>
      </trkpt>
      <trkpt lat="48.77222497947514" lon="13.756622979417443">
        <ele>751.45</ele>
      </trkpt>
      <trkpt lat="48.77212397754192" lon="13.756190976127982">
        <ele>749.18</ele>
      </trkpt>
      <trkpt lat="48.77197997644544" lon="13.75586693175137">
        <ele>747.11</ele>
      </trkpt>
      <trkpt lat="48.77188299782574" lon="13.755721924826503">
        <ele>745.4</ele>
      </trkpt>
      <trkpt lat="48.77174997702241" lon="13.755587982013822">
        <ele>743.9</ele>
      </trkpt>
      <trkpt lat="48.77172592096031" lon="13.75560399144888">
        <ele>742.7</ele>
      </trkpt>
      <trkpt lat="48.77160597592592" lon="13.75556593760848">
        <ele>741.67</ele>
      </trkpt>
      <trkpt lat="48.77143146470189" lon="13.755510952323675">
        <ele>740.85</ele>
      </trkpt>
      <trkpt lat="48.77125695347786" lon="13.75545596703887">
        <ele>740.31</ele>
      </trkpt>
      <trkpt lat="48.77121395431459" lon="13.755232924595475">
        <ele>739.9</ele>
      </trkpt>
      <trkpt lat="48.771207416430116" lon="13.754961183294654">
        <ele>739.76</ele>
      </trkpt>
      <trkpt lat="48.771200962364674" lon="13.754690950736403">
        <ele>739.93</ele>
      </trkpt>
      <trkpt lat="48.77121303230524" lon="13.75436875037849">
        <ele>740.44</ele>
      </trkpt>
      <trkpt lat="48.771225018426776" lon="13.754046550020576">
        <ele>741.34</ele>
      </trkpt>
      <trkpt lat="48.77123692072928" lon="13.753726948052645">
        <ele>742.39</ele>
      </trkpt>
      <trkpt lat="48.7712409440428" lon="13.753412961959839">
        <ele>743.55</ele>
      </trkpt>
      <trkpt lat="48.77111999318004" lon="13.75302898697555">
        <ele>745.08</ele>
      </trkpt>
      <trkpt lat="48.77115393988788" lon="13.752857996150851">
        <ele>746.53</ele>
      </trkpt>
      <trkpt lat="48.77123993821442" lon="13.752616932615638">
        <ele>748.11</ele>
      </trkpt>
      <trkpt lat="48.77127497456968" lon="13.752420963719487">
        <ele>749.84</ele>
      </trkpt>
      <trkpt lat="48.771269945427775" lon="13.752322979271412">
        <ele>751.61</ele>
      </trkpt>
      <trkpt lat="48.77115695737302" lon="13.752184929326177">
        <ele>753.58</ele>
      </trkpt>
      <trkpt lat="48.771051932126284" lon="13.752125920727849">
        <ele>755.58</ele>
      </trkpt>
      <trkpt lat="48.77084791660309" lon="13.75212893821299">
        <ele>757.67</ele>
      </trkpt>
      <trkpt lat="48.770741969347" lon="13.752173949033022">
        <ele>759.73</ele>
      </trkpt>
      <trkpt lat="48.77061598934233" lon="13.752301940694451">
        <ele>761.77</ele>
      </trkpt>
      <trkpt lat="48.770365454256535" lon="13.752421466633677">
        <ele>763.95</ele>
      </trkpt>
      <trkpt lat="48.77011491917074" lon="13.752540992572904">
        <ele>766.05</ele>
      </trkpt>
      <trkpt lat="48.769910987466574" lon="13.752604946494102">
        <ele>768.09</ele>
      </trkpt>
      <trkpt lat="48.76982096582651" lon="13.752589942887425">
        <ele>770.1</ele>
      </trkpt>
      <trkpt lat="48.7696729414165" lon="13.752442924305797">
        <ele>772.08</ele>
      </trkpt>
      <trkpt lat="48.76962692476809" lon="13.752337982878089">
        <ele>773.97</ele>
      </trkpt>
      <trkpt lat="48.76955073326826" lon="13.751958031207323">
        <ele>775.87</ele>
      </trkpt>
      <trkpt lat="48.76947496086359" lon="13.751579923555255">
        <ele>777.65</ele>
      </trkpt>
      <trkpt lat="48.7694398406893" lon="13.751245066523552">
        <ele>779.28</ele>
      </trkpt>
      <trkpt lat="48.76940497197211" lon="13.750911969691515">
        <ele>780.75</ele>
      </trkpt>
      <trkpt lat="48.76930723898113" lon="13.750639390200377">
        <ele>782.12</ele>
      </trkpt>
      <trkpt lat="48.769209925085306" lon="13.750367984175682">
        <ele>783.36</ele>
      </trkpt>
      <trkpt lat="48.76915183849633" lon="13.750095320865512">
        <ele>784.48</ele>
      </trkpt>
      <trkpt lat="48.76909391954541" lon="13.74982399865985">
        <ele>785.46</ele>
      </trkpt>
      <trkpt lat="48.76910297200084" lon="13.74955091625452">
        <ele>786.32</ele>
      </trkpt>
      <trkpt lat="48.769096937030554" lon="13.749284958466887">
        <ele>787.04</ele>
      </trkpt>
      <trkpt lat="48.76905385404825" lon="13.749025790020823">
        <ele>787.67</ele>
      </trkpt>
      <trkpt lat="48.769010938704014" lon="13.748767962679267">
        <ele>788.19</ele>
      </trkpt>
      <trkpt lat="48.76887699589133" lon="13.74836697243154">
        <ele>788.58</ele>
      </trkpt>
      <trkpt lat="48.76887297257781" lon="13.748119790107012">
        <ele>788.86</ele>
      </trkpt>
      <trkpt lat="48.76886894926429" lon="13.74787394888699">
        <ele>789.02</ele>
      </trkpt>
      <trkpt lat="48.76881279051304" lon="13.74762081541121">
        <ele>789.06</ele>
      </trkpt>
      <trkpt lat="48.768756967037916" lon="13.747368939220905">
        <ele>789.01</ele>
      </trkpt>
      <trkpt lat="48.76869133673608" lon="13.747134413570166">
        <ele>788.86</ele>
      </trkpt>
      <trkpt lat="48.768625957891345" lon="13.746900977566838">
        <ele>788.64</ele>
      </trkpt>
      <trkpt lat="48.76857399009168" lon="13.746787989512086">
        <ele>788.33</ele>
      </trkpt>
      <trkpt lat="48.76855697482824" lon="13.74660199508071">
        <ele>787.96</ele>
      </trkpt>
      <trkpt lat="48.76859092153609" lon="13.746312987059355">
        <ele>787.47</ele>
      </trkpt>
      <trkpt lat="48.76856854185462" lon="13.74594091437757">
        <ele>786.96</ele>
      </trkpt>
      <trkpt lat="48.76854616217315" lon="13.745568925514817">
        <ele>786.31</ele>
      </trkpt>
      <trkpt lat="48.76852395012975" lon="13.745199954137206">
        <ele>785.62</ele>
      </trkpt>
      <trkpt lat="48.7684833817184" lon="13.744959309697151">
        <ele>784.88</ele>
      </trkpt>
      <trkpt lat="48.76844298094511" lon="13.744719922542572">
        <ele>784.11</ele>
      </trkpt>
      <trkpt lat="48.76835396513343" lon="13.744504926726222">
        <ele>783.3</ele>
      </trkpt>
      <trkpt lat="48.768280958756804" lon="13.74432597309351">
        <ele>782.49</ele>
      </trkpt>
      <trkpt lat="48.768045930191875" lon="13.744037970900536">
        <ele>781.7</ele>
      </trkpt>
      <trkpt lat="48.76788189634681" lon="13.743887851014733">
        <ele>780.96</ele>
      </trkpt>
      <trkpt lat="48.76772607676685" lon="13.743745358660817">
        <ele>780.21</ele>
      </trkpt>
      <trkpt lat="48.76771794632077" lon="13.743737982586026">
        <ele>779.42</ele>
      </trkpt>
      <trkpt lat="48.76773898489773" lon="13.743391977623105">
        <ele>778.61</ele>
      </trkpt>
      <trkpt lat="48.767726412042975" lon="13.743064077571034">
        <ele>777.8</ele>
      </trkpt>
      <trkpt lat="48.76771392300725" lon="13.74273793771863">
        <ele>776.95</ele>
      </trkpt>
      <trkpt lat="48.767746947705746" lon="13.74247994273901">
        <ele>776.12</ele>
      </trkpt>
      <trkpt lat="48.76782196573913" lon="13.742315992712975">
        <ele>775.37</ele>
      </trkpt>
      <trkpt lat="48.767918944358826" lon="13.742176936939359">
        <ele>774.69</ele>
      </trkpt>
      <trkpt lat="48.76817710697651" lon="13.741963868960738">
        <ele>774.14</ele>
      </trkpt>
      <trkpt lat="48.768434934318066" lon="13.741750968620181">
        <ele>773.63</ele>
      </trkpt>
      <trkpt lat="48.76867398619652" lon="13.741476964205503">
        <ele>773.18</ele>
      </trkpt>
      <trkpt lat="48.76882259733975" lon="13.741326341405511">
        <ele>772.82</ele>
      </trkpt>
      <trkpt lat="48.768970957025886" lon="13.741175970062613">
        <ele>772.48</ele>
      </trkpt>
      <trkpt lat="48.76913297921419" lon="13.740897942334414">
        <ele>772.28</ele>
      </trkpt>
      <trkpt lat="48.76926398836076" lon="13.74058898538351">
        <ele>772.13</ele>
      </trkpt>
      <trkpt lat="48.76928192563355" lon="13.740467950701714">
        <ele>772.1</ele>
      </trkpt>
      <trkpt lat="48.76919793896377" lon="13.74003091827035">
        <ele>772.28</ele>
      </trkpt>
      <trkpt lat="48.76923196949065" lon="13.739767977967858">
        <ele>772.46</ele>
      </trkpt>
      <trkpt lat="48.76928192563355" lon="13.739657923579216">
        <ele>772.57</ele>
      </trkpt>
      <trkpt lat="48.76930296421051" lon="13.739674938842654">
        <ele>772.69</ele>
      </trkpt>
      <trkpt lat="48.76931696198881" lon="13.73968793079257">
        <ele>772.83</ele>
      </trkpt>
      <trkpt lat="48.769399942830205" lon="13.739757919684052">
        <ele>772.94</ele>
      </trkpt>
      <trkpt lat="48.76951494254172" lon="13.739767977967858">
        <ele>773.08</ele>
      </trkpt>
      <trkpt lat="48.76958392560482" lon="13.739617941901088">
        <ele>773.38</ele>
      </trkpt>
      <trkpt lat="48.76962499693036" lon="13.739389954134822">
        <ele>773.66</ele>
      </trkpt>
      <trkpt lat="48.76973094418645" lon="13.73921594582498">
        <ele>773.85</ele>
      </trkpt>
      <trkpt lat="48.76973697915673" lon="13.739230949431658">
        <ele>774.02</ele>
      </trkpt>
      <trkpt lat="48.76986497081816" lon="13.739367993548512">
        <ele>774.17</ele>
      </trkpt>
      <trkpt lat="48.770020958036184" lon="13.739309990778565">
        <ele>774.31</ele>
      </trkpt>
      <trkpt lat="48.77011491917074" lon="13.739365981891751">
        <ele>774.43</ele>
      </trkpt>
      <trkpt lat="48.770088935270905" lon="13.739545941352844">
        <ele>774.46</ele>
      </trkpt>
      <trkpt lat="48.77003797329962" lon="13.739636968821287">
        <ele>774.4</ele>
      </trkpt>
      <trkpt lat="48.77002992667258" lon="13.739841990172863">
        <ele>774.29</ele>
      </trkpt>
      <trkpt lat="48.770086923614144" lon="13.740189922973514">
        <ele>774.13</ele>
      </trkpt>
      <trkpt lat="48.770218938589096" lon="13.740427969023585">
        <ele>773.92</ele>
      </trkpt>
      <trkpt lat="48.77037651836872" lon="13.74052545055747">
        <ele>773.64</ele>
      </trkpt>
      <trkpt lat="48.77053393051028" lon="13.740622932091355">
        <ele>773.21</ele>
      </trkpt>
      <trkpt lat="48.77078597433865" lon="13.740725945681334">
        <ele>772.74</ele>
      </trkpt>
      <trkpt lat="48.7708989623934" lon="13.740719994530082">
        <ele>772.12</ele>
      </trkpt>
      <trkpt lat="48.77083383500576" lon="13.740960555151105">
        <ele>771.24</ele>
      </trkpt>
      <trkpt lat="48.77076895907521" lon="13.741199942305684">
        <ele>770.24</ele>
      </trkpt>
      <trkpt lat="48.770754961296916" lon="13.741343943402171">
        <ele>769.17</ele>
      </trkpt>
      <trkpt lat="48.770794942975044" lon="13.741634963080287">
        <ele>767.94</ele>
      </trkpt>
      <trkpt lat="48.770879935473204" lon="13.741935957223177">
        <ele>766.58</ele>
      </trkpt>
      <trkpt lat="48.771025110036135" lon="13.742155730724335">
        <ele>765.2</ele>
      </trkpt>
      <trkpt lat="48.77116994932294" lon="13.74237491749227">
        <ele>763.78</ele>
      </trkpt>
      <trkpt lat="48.77127011306584" lon="13.742606425657868">
        <ele>762.29</ele>
      </trkpt>
      <trkpt lat="48.77136994153261" lon="13.742836927995086">
        <ele>760.7</ele>
      </trkpt>
      <trkpt lat="48.77139198593795" lon="13.743098946288228">
        <ele>759.0</ele>
      </trkpt>
      <trkpt lat="48.7713479809463" lon="13.743525920435786">
        <ele>756.86</ele>
      </trkpt>
      <trkpt lat="48.7713619787246" lon="13.743644943460822">
        <ele>755.13</ele>
      </trkpt>
      <trkpt lat="48.77140095457435" lon="13.743716944009066">
        <ele>753.48</ele>
      </trkpt>
      <trkpt lat="48.77156959846616" lon="13.743900591507554">
        <ele>751.74</ele>
      </trkpt>
      <trkpt lat="48.771737990900874" lon="13.744083987548947">
        <ele>750.15</ele>
      </trkpt>
      <trkpt lat="48.771957932040095" lon="13.744247937574983">
        <ele>748.68</ele>
      </trkpt>
      <trkpt lat="48.77205893397331" lon="13.744518924504519">
        <ele>747.24</ele>
      </trkpt>
      <trkpt lat="48.77213194034994" lon="13.744840957224369">
        <ele>745.9</ele>
      </trkpt>
      <trkpt lat="48.772128922864795" lon="13.745159972459078">
        <ele>744.54</ele>
      </trkpt>
      <trkpt lat="48.772101514041424" lon="13.74550991691649">
        <ele>743.28</ele>
      </trkpt>
      <trkpt lat="48.77207410521805" lon="13.745859861373901">
        <ele>742.16</ele>
      </trkpt>
      <trkpt lat="48.77204694785178" lon="13.746206955984235">
        <ele>741.15</ele>
      </trkpt>
      <trkpt lat="48.77209003083408" lon="13.746440056711435">
        <ele>740.14</ele>
      </trkpt>
      <trkpt lat="48.77213294617832" lon="13.746671983972192">
        <ele>739.25</ele>
      </trkpt>
      <trkpt lat="48.7721009273082" lon="13.7469029892236">
        <ele>738.44</ele>
      </trkpt>
      <trkpt lat="48.772104950621724" lon="13.747127959504724">
        <ele>737.7</ele>
      </trkpt>
      <trkpt lat="48.77220394089818" lon="13.747401963919401">
        <ele>737.01</ele>
      </trkpt>
      <trkpt lat="48.77224694006145" lon="13.747674962505698">
        <ele>736.4</ele>
      </trkpt>
      <trkpt lat="48.77226797863841" lon="13.747803959995508">
        <ele>735.92</ele>
      </trkpt>
      <trkpt lat="48.77224995754659" lon="13.748023984953761">
        <ele>735.52</ele>
      </trkpt>
      <trkpt lat="48.77227493561804" lon="13.748318944126368">
        <ele>735.21</ele>
      </trkpt>
      <trkpt lat="48.772302931174636" lon="13.748396979644895">
        <ele>735.05</ele>
      </trkpt>
      <trkpt lat="48.77245497889817" lon="13.748415922746062">
        <ele>735.06</ele>
      </trkpt>
      <trkpt lat="48.772709956392646" lon="13.748254990205169">
        <ele>735.25</ele>
      </trkpt>
      <trkpt lat="48.77283216454089" lon="13.748006550595164">
        <ele>735.54</ele>
      </trkpt>
      <trkpt lat="48.77295395359397" lon="13.747758949175477">
        <ele>735.89</ele>
      </trkpt>
      <trkpt lat="48.773030983284116" lon="13.747685942798853">
        <ele>736.21</ele>
      </trkpt>
      <trkpt lat="48.77323298715055" lon="13.747599944472313">
        <ele>736.6</ele>
      </trkpt>
      <trkpt lat="48.77347094938159" lon="13.747540935873985">
        <ele>737.02</ele>
      </trkpt>
      <trkpt lat="48.773629954084754" lon="13.74752945266664">
        <ele>737.48</ele>
      </trkpt>
      <trkpt lat="48.77378895878792" lon="13.747517969459295">
        <ele>738.03</ele>
      </trkpt>
      <trkpt lat="48.77374595962465" lon="13.74774293974042">
        <ele>738.43</ele>
      </trkpt>
      <trkpt lat="48.773527946323156" lon="13.747898926958442">
        <ele>738.92</ele>
      </trkpt>
      <trkpt lat="48.77346692606807" lon="13.747975956648588">
        <ele>739.57</ele>
      </trkpt>
      <trkpt lat="48.773417975753546" lon="13.748143929988146">
        <ele>740.24</ele>
      </trkpt>
      <trkpt lat="48.77336299046874" lon="13.74823596328497">
        <ele>741.04</ele>
      </trkpt>
      <trkpt lat="48.7733079213649" lon="13.748697973787785">
        <ele>741.91</ele>
      </trkpt>
      <trkpt lat="48.77323793247342" lon="13.74901095405221">
        <ele>742.78</ele>
      </trkpt>
      <trkpt lat="48.773165764287114" lon="13.74922745861113">
        <ele>743.67</ele>
      </trkpt>
      <trkpt lat="48.773093931376934" lon="13.749442957341671">
        <ele>744.59</ele>
      </trkpt>
      <trkpt lat="48.772934675216675" lon="13.749764990061522">
        <ele>745.57</ele>
      </trkpt>
      <trkpt lat="48.772775921970606" lon="13.75008593313396">
        <ele>746.72</ele>
      </trkpt>
      <trkpt lat="48.77283493056893" lon="13.750209985300899">
        <ele>747.93</ele>
      </trkpt>
      <trkpt lat="48.77291497774422" lon="13.750275950878859">
        <ele>749.17</ele>
      </trkpt>
      <trkpt lat="48.77309896051884" lon="13.750311993062496">
        <ele>750.47</ele>
      </trkpt>
      <trkpt lat="48.773349998518825" lon="13.750458927825093">
        <ele>751.8</ele>
      </trkpt>
      <trkpt lat="48.77346910536289" lon="13.750622626394033">
        <ele>753.09</ele>
      </trkpt>
      <trkpt lat="48.773587960749865" lon="13.750785989686847">
        <ele>754.37</ele>
      </trkpt>
      <trkpt lat="48.77374595962465" lon="13.75088095664978">
        <ele>755.63</ele>
      </trkpt>
      <trkpt lat="48.77390395849943" lon="13.750975923612714">
        <ele>756.82</ele>
      </trkpt>
      <trkpt lat="48.774063466116786" lon="13.751004422083497">
        <ele>757.99</ele>
      </trkpt>
      <trkpt lat="48.77422297373414" lon="13.75103292055428">
        <ele>759.16</ele>
      </trkpt>
      <trkpt lat="48.774300925433636" lon="13.750950945541263">
        <ele>760.28</ele>
      </trkpt>
      <trkpt lat="48.77449756488204" lon="13.750603096559644">
        <ele>761.52</ele>
      </trkpt>
      <trkpt lat="48.774694204330444" lon="13.750255247578025">
        <ele>762.75</ele>
      </trkpt>
      <trkpt lat="48.7748899217695" lon="13.749908991158009">
        <ele>763.87</ele>
      </trkpt>
      <trkpt lat="48.7750159855932" lon="13.749793991446495">
        <ele>764.77</ele>
      </trkpt>
      <trkpt lat="48.77506191842258" lon="13.749947967007756">
        <ele>765.42</ele>
      </trkpt>
      <trkpt lat="48.7750989664346" lon="13.749997923150659">
        <ele>765.96</ele>
      </trkpt>
      <trkpt lat="48.775052949786186" lon="13.75029992312193">
        <ele>766.33</ele>
      </trkpt>
      <trkpt lat="48.77506133168936" lon="13.750707367435098">
        <ele>766.62</ele>
      </trkpt>
      <trkpt lat="48.77506971359253" lon="13.751114811748266">
        <ele>766.75</ele>
      </trkpt>
      <trkpt lat="48.77507792785764" lon="13.751518987119198">
        <ele>766.63</ele>
      </trkpt>
      <trkpt lat="48.775113970041275" lon="13.751860968768597">
        <ele>766.46</ele>
      </trkpt>
      <trkpt lat="48.77516694366932" lon="13.752068923786283">
        <ele>766.23</ele>
      </trkpt>
      <trkpt lat="48.77532293088734" lon="13.752390956506133">
        <ele>765.88</ele>
      </trkpt>
      <trkpt lat="48.775392919778824" lon="13.7524479534477">
        <ele>765.5</ele>
      </trkpt>
      <trkpt lat="48.77568393945694" lon="13.752476954832673">
        <ele>765.11</ele>
      </trkpt>
      <trkpt lat="48.77587504684925" lon="13.752602012827992">
        <ele>764.47</ele>
      </trkpt>
      <trkpt lat="48.7760659866035" lon="13.75272698700428">
        <ele>763.8</ele>
      </trkpt>
      <trkpt lat="48.776230439543724" lon="13.752789432182908">
        <ele>763.12</ele>
      </trkpt>
      <trkpt lat="48.77639497630298" lon="13.752851961180568">
        <ele>762.44</ele>
      </trkpt>
      <trkpt lat="48.776531936600804" lon="13.752947933971882">
        <ele>761.7</ele>
      </trkpt>
      <trkpt lat="48.776576947420835" lon="13.753111967816949">
        <ele>760.84</ele>
      </trkpt>
      <trkpt lat="48.77652984112501" lon="13.753467360511422">
        <ele>759.86</ele>
      </trkpt>
      <trkpt lat="48.77648298628628" lon="13.75382099300623">
        <ele>758.76</ele>
      </trkpt>
      <trkpt lat="48.77650192938745" lon="13.753939932212234">
        <ele>757.93</ele>
      </trkpt>
      <trkpt lat="48.77677752636373" lon="13.754121484234929">
        <ele>757.22</ele>
      </trkpt>
      <trkpt lat="48.77705295570195" lon="13.754302952438593">
        <ele>756.64</ele>
      </trkpt>
      <trkpt lat="48.77724842168391" lon="13.75449338927865">
        <ele>756.07</ele>
      </trkpt>
      <trkpt lat="48.77744388766587" lon="13.75468390993774">
        <ele>755.63</ele>
      </trkpt>
      <trkpt lat="48.77763893455267" lon="13.754873927682638">
        <ele>755.31</ele>
      </trkpt>
      <trkpt lat="48.77775091677904" lon="13.755078949034214">
        <ele>755.04</ele>
      </trkpt>
      <trkpt lat="48.77791696228087" lon="13.755382960662246">
        <ele>754.92</ele>
      </trkpt>
      <trkpt lat="48.777947975322604" lon="13.755487985908985">
        <ele>754.85</ele>
      </trkpt>
      <trkpt lat="48.77794495783746" lon="13.755781268700957">
        <ele>754.88</ele>
      </trkpt>
      <trkpt lat="48.77794194035232" lon="13.756072958931327">
        <ele>755.12</ele>
      </trkpt>
      <trkpt lat="48.77780799753964" lon="13.756224922835827">
        <ele>755.56</ele>
      </trkpt>
      <trkpt lat="48.777590403333306" lon="13.756117466837168">
        <ele>756.04</ele>
      </trkpt>
      <trkpt lat="48.77737297676504" lon="13.756009927019477">
        <ele>756.61</ele>
      </trkpt>
      <trkpt lat="48.77714096568525" lon="13.756017470732331">
        <ele>757.41</ele>
      </trkpt>
      <trkpt lat="48.77690895460546" lon="13.756024930626154">
        <ele>758.36</ele>
      </trkpt>
      <trkpt lat="48.776706950739026" lon="13.75609994865954">
        <ele>759.49</ele>
      </trkpt>
      <trkpt lat="48.77649899572134" lon="13.756233975291252">
        <ele>760.72</ele>
      </trkpt>
      <trkpt lat="48.77635734155774" lon="13.75639809295535">
        <ele>762.12</ele>
      </trkpt>
      <trkpt lat="48.77621593885124" lon="13.756561959162354">
        <ele>763.56</ele>
      </trkpt>
      <trkpt lat="48.776034973561764" lon="13.75680796802044">
        <ele>765.12</ele>
      </trkpt>
      <trkpt lat="48.77589105628431" lon="13.757109129801393">
        <ele>766.77</ele>
      </trkpt>
      <trkpt lat="48.77574713900685" lon="13.757410375401378">
        <ele>768.59</ele>
      </trkpt>
      <trkpt lat="48.77560397610068" lon="13.757709944620728">
        <ele>770.45</ele>
      </trkpt>
      <trkpt lat="48.77557195723057" lon="13.75790792517364">
        <ele>772.4</ele>
      </trkpt>
      <trkpt lat="48.77561998553574" lon="13.75811998732388">
        <ele>774.48</ele>
      </trkpt>
      <trkpt lat="48.77583649009466" lon="13.758260970935225">
        <ele>776.72</ele>
      </trkpt>
      <trkpt lat="48.77605299465358" lon="13.75840195454657">
        <ele>779.0</ele>
      </trkpt>
      <trkpt lat="48.776335967704654" lon="13.758529946208">
        <ele>781.32</ele>
      </trkpt>
      <trkpt lat="48.776618940755725" lon="13.758620973676443">
        <ele>783.61</ele>
      </trkpt>
      <trkpt lat="48.776901913806796" lon="13.758711917325854">
        <ele>785.91</ele>
      </trkpt>
      <trkpt lat="48.7771849706769" lon="13.758802944794297">
        <ele>788.29</ele>
      </trkpt>
      <trkpt lat="48.77739845775068" lon="13.758899504318833">
        <ele>790.69</ele>
      </trkpt>
      <trkpt lat="48.77761194482446" lon="13.758995980024338">
        <ele>793.11</ele>
      </trkpt>
      <trkpt lat="48.77784596756101" lon="13.759274929761887">
        <ele>795.62</ele>
      </trkpt>
      <trkpt lat="48.778032548725605" lon="13.759541641920805">
        <ele>798.16</ele>
      </trkpt>
      <trkpt lat="48.77821904607117" lon="13.759808270260692">
        <ele>800.71</ele>
      </trkpt>
      <trkpt lat="48.77840495668352" lon="13.76007397659123">
        <ele>803.28</ele>
      </trkpt>
      <trkpt lat="48.77858499996364" lon="13.760282937437296">
        <ele>805.86</ele>
      </trkpt>
      <trkpt lat="48.77882597967982" lon="13.760416964069009">
        <ele>808.53</ele>
      </trkpt>
      <trkpt lat="48.77907995134592" lon="13.760487288236618">
        <ele>811.25</ele>
      </trkpt>
      <trkpt lat="48.77933392301202" lon="13.760557612404227">
        <ele>814.05</ele>
      </trkpt>
      <trkpt lat="48.77958797849715" lon="13.760627936571836">
        <ele>816.86</ele>
      </trkpt>
      <trkpt lat="48.779822923243046" lon="13.760713431984186">
        <ele>819.6</ele>
      </trkpt>
      <trkpt lat="48.780057951807976" lon="13.760798927396536">
        <ele>822.41</ele>
      </trkpt>
      <trkpt lat="48.780333967879415" lon="13.761008977890015">
        <ele>825.29</ele>
      </trkpt>
      <trkpt lat="48.78048953600228" lon="13.761172592639923">
        <ele>828.09</ele>
      </trkpt>
      <trkpt lat="48.78064493648708" lon="13.761335955932736">
        <ele>830.89</ele>
      </trkpt>
      <trkpt lat="48.780892957001925" lon="13.761539971455932">
        <ele>833.7</ele>
      </trkpt>
      <trkpt lat="48.78113997168839" lon="13.761791931465268">
        <ele>836.59</ele>
      </trkpt>
      <trkpt lat="48.78130995668471" lon="13.762066941708326">
        <ele>839.51</ele>
      </trkpt>
      <trkpt lat="48.7815279699862" lon="13.762023942545056">
        <ele>842.22</ele>
      </trkpt>
      <trkpt lat="48.78169996663928" lon="13.761918917298317">
        <ele>844.84</ele>
      </trkpt>
      <trkpt lat="48.78189191222191" lon="13.761863932013512">
        <ele>847.55</ele>
      </trkpt>
      <trkpt lat="48.78208394162357" lon="13.761808946728706">
        <ele>850.28</ele>
      </trkpt>
      <trkpt lat="48.78211294300854" lon="13.761910954490304">
        <ele>853.02</ele>
      </trkpt>
      <trkpt lat="48.78234093077481" lon="13.76198798418045">
        <ele>855.83</ele>
      </trkpt>
      <trkpt lat="48.78255592659116" lon="13.7619439791888">
        <ele>858.54</ele>
      </trkpt>
      <trkpt lat="48.78278902731836" lon="13.761799223721027">
        <ele>861.2</ele>
      </trkpt>
      <trkpt lat="48.78302204422653" lon="13.761654552072287">
        <ele>863.82</ele>
      </trkpt>
      <trkpt lat="48.783254977315664" lon="13.761509964242578">
        <ele>866.28</ele>
      </trkpt>
      <trkpt lat="48.78353141248226" lon="13.76145246438682">
        <ele>868.81</ele>
      </trkpt>
      <trkpt lat="48.78380784764886" lon="13.761394964531064">
        <ele>871.2</ele>
      </trkpt>
      <trkpt lat="48.78408436663449" lon="13.761337464675307">
        <ele>873.46</ele>
      </trkpt>
      <trkpt lat="48.78436096943915" lon="13.76127996481955">
        <ele>875.69</ele>
      </trkpt>
      <trkpt lat="48.78465073183179" lon="13.761200588196516">
        <ele>877.8</ele>
      </trkpt>
      <trkpt lat="48.78494049422443" lon="13.761121211573482">
        <ele>879.76</ele>
      </trkpt>
      <trkpt lat="48.78523025661707" lon="13.761041751131415">
        <ele>881.61</ele>
      </trkpt>
      <trkpt lat="48.78552001900971" lon="13.760962374508381">
        <ele>883.34</ele>
      </trkpt>
      <trkpt lat="48.78580994904041" lon="13.760882997885346">
        <ele>884.94</ele>
      </trkpt>
      <trkpt lat="48.786047575995326" lon="13.760806303471327">
        <ele>886.39</ele>
      </trkpt>
      <trkpt lat="48.78628528676927" lon="13.760729609057307">
        <ele>887.64</ele>
      </trkpt>
      <trkpt lat="48.786522997543216" lon="13.76065299846232">
        <ele>888.7</ele>
      </trkpt>
      <trkpt lat="48.786526937037706" lon="13.760651992633939">
        <ele>889.54</ele>
      </trkpt>
      <trkpt lat="48.7868379894644" lon="13.76059197820723">
        <ele>890.3</ele>
      </trkpt>
      <trkpt lat="48.7870539072901" lon="13.76059197820723">
        <ele>890.84</ele>
      </trkpt>
      <trkpt lat="48.78726999275386" lon="13.76059197820723">
        <ele>891.05</ele>
      </trkpt>
      <trkpt lat="48.78742095082998" lon="13.760703960433602">
        <ele>891.19</ele>
      </trkpt>
      <trkpt lat="48.78748197108507" lon="13.760729944333434">
        <ele>891.27</ele>
      </trkpt>
      <trkpt lat="48.78761398606002" lon="13.760811919346452">
        <ele>891.16</ele>
      </trkpt>
      <trkpt lat="48.787824120372534" lon="13.761027418076992">
        <ele>890.97</ele>
      </trkpt>
      <trkpt lat="48.788034254685044" lon="13.761242916807532">
        <ele>890.84</ele>
      </trkpt>
      <trkpt lat="48.788243969902396" lon="13.761457996442914">
        <ele>890.61</ele>
      </trkpt>
      <trkpt lat="48.78838093020022" lon="13.761597974225879">
        <ele>890.21</ele>
      </trkpt>
      <trkpt lat="48.78853348083794" lon="13.7616659514606">
        <ele>889.7</ele>
      </trkpt>
      <trkpt lat="48.78868594765663" lon="13.761733928695321">
        <ele>889.12</ele>
      </trkpt>
      <trkpt lat="48.78878795541823" lon="13.761725965887308">
        <ele>888.43</ele>
      </trkpt>
      <trkpt lat="48.78900999203324" lon="13.761606942862272">
        <ele>887.63</ele>
      </trkpt>
      <trkpt lat="48.78906799480319" lon="13.761575929820538">
        <ele>886.85</ele>
      </trkpt>
      <trkpt lat="48.789201602339745" lon="13.76143435947597">
        <ele>886.01</ele>
      </trkpt>
      <trkpt lat="48.789334958419204" lon="13.761292956769466">
        <ele>885.12</ele>
      </trkpt>
      <trkpt lat="48.78958499059081" lon="13.761028926819563">
        <ele>884.1</ele>
      </trkpt>
      <trkpt lat="48.78977349959314" lon="13.76089389435947">
        <ele>883.11</ele>
      </trkpt>
      <trkpt lat="48.789961924776435" lon="13.760758945718408">
        <ele>882.16</ele>
      </trkpt>
      <trkpt lat="48.7901780102402" lon="13.760616956278682">
        <ele>881.23</ele>
      </trkpt>
      <trkpt lat="48.790393928065896" lon="13.760474966838956">
        <ele>880.32</ele>
      </trkpt>
      <trkpt lat="48.79042393527925" lon="13.760415958240628">
        <ele>879.46</ele>
      </trkpt>
      <trkpt lat="48.79044103436172" lon="13.7600133754313">
        <ele>878.55</ele>
      </trkpt>
      <trkpt lat="48.79045796580613" lon="13.759612971916795">
        <ele>877.73</ele>
      </trkpt>
      <trkpt lat="48.79048252478242" lon="13.75929563306272">
        <ele>877.01</ele>
      </trkpt>
      <trkpt lat="48.79050699993968" lon="13.75897997058928">
        <ele>876.35</ele>
      </trkpt>
      <trkpt lat="48.790538934990764" lon="13.758859941735864">
        <ele>875.72</ele>
      </trkpt>
      <trkpt lat="48.79063691943884" lon="13.758713928982615">
        <ele>875.17</ele>
      </trkpt>
      <trkpt lat="48.79083104431629" lon="13.758584596216679">
        <ele>874.59</ele>
      </trkpt>
      <trkpt lat="48.79102508537471" lon="13.75845517963171">
        <ele>874.08</ele>
      </trkpt>
      <trkpt lat="48.79121895879507" lon="13.758325930684805">
        <ele>873.56</ele>
      </trkpt>
      <trkpt lat="48.79117897711694" lon="13.758135996758938">
        <ele>873.18</ele>
      </trkpt>
      <trkpt lat="48.79118601791561" lon="13.757885294035077">
        <ele>872.79</ele>
      </trkpt>
      <trkpt lat="48.79119297489524" lon="13.757635932415724">
        <ele>872.38</ele>
      </trkpt>
      <trkpt lat="48.79120194353163" lon="13.75730493105948">
        <ele>871.94</ele>
      </trkpt>
      <trkpt lat="48.791207475587726" lon="13.75703520141542">
        <ele>871.5</ele>
      </trkpt>
      <trkpt lat="48.79121292382479" lon="13.75676698051393">
        <ele>871.03</ele>
      </trkpt>
      <trkpt lat="48.79147192463279" lon="13.756590960547328">
        <ele>870.52</ele>
      </trkpt>
      <trkpt lat="48.79152028821409" lon="13.75664527527988">
        <ele>870.1</ele>
      </trkpt>
      <trkpt lat="48.79163294099271" lon="13.756771925836802">
        <ele>869.66</ele>
      </trkpt>
      <trkpt lat="48.791912980377674" lon="13.756576962769032">
        <ele>869.25</ele>
      </trkpt>
      <trkpt lat="48.792085982859135" lon="13.756729932501912">
        <ele>868.79</ele>
      </trkpt>
      <trkpt lat="48.79227197729051" lon="13.75653094612062">
        <ele>868.37</ele>
      </trkpt>
      <trkpt lat="48.79231698811054" lon="13.756816936656833">
        <ele>867.9</ele>
      </trkpt>
      <trkpt lat="48.792324950918555" lon="13.756869994103909">
        <ele>867.47</ele>
      </trkpt>
      <trkpt lat="48.792453948408365" lon="13.757224967703223">
        <ele>867.04</ele>
      </trkpt>
      <trkpt lat="48.792615719139576" lon="13.757544485852122">
        <ele>866.6</ele>
      </trkpt>
      <trkpt lat="48.792776986956596" lon="13.75786299817264">
        <ele>866.07</ele>
      </trkpt>
      <trkpt lat="48.79294764250517" lon="13.758090734481812">
        <ele>865.54</ele>
      </trkpt>
      <trkpt lat="48.793117962777615" lon="13.758317967876792">
        <ele>864.99</ele>
      </trkpt>
      <trkpt lat="48.793347207829356" lon="13.758618542924523">
        <ele>864.43</ele>
      </trkpt>
      <trkpt lat="48.7935764528811" lon="13.758919117972255">
        <ele>863.92</ele>
      </trkpt>
      <trkpt lat="48.79380569793284" lon="13.759219693019986">
        <ele>863.45</ele>
      </trkpt>
      <trkpt lat="48.7940339371562" lon="13.75951892696321">
        <ele>862.89</ele>
      </trkpt>
      <trkpt lat="48.79415698349476" lon="13.759440975263715">
        <ele>862.43</ele>
      </trkpt>
      <trkpt lat="48.79425999708474" lon="13.759297979995608">
        <ele>862.04</ele>
      </trkpt>
      <trkpt lat="48.794301990419626" lon="13.759141992777586">
        <ele>861.66</ele>
      </trkpt>
      <trkpt lat="48.79430794157088" lon="13.758867988362908">
        <ele>861.26</ele>
      </trkpt>
      <trkpt lat="48.79428992047906" lon="13.758535729721189">
        <ele>860.86</ele>
      </trkpt>
      <trkpt lat="48.79427189938724" lon="13.758203471079469">
        <ele>860.45</ele>
      </trkpt>
      <trkpt lat="48.79425396211445" lon="13.757873978465796">
        <ele>860.1</ele>
      </trkpt>
      <trkpt lat="48.79429059103131" lon="13.757627801969647">
        <ele>859.77</ele>
      </trkpt>
      <trkpt lat="48.79432696849108" lon="13.757382966578007">
        <ele>859.46</ele>
      </trkpt>
      <trkpt lat="48.79431338980794" lon="13.757123714312911">
        <ele>859.2</ele>
      </trkpt>
      <trkpt lat="48.794299978762865" lon="13.756865970790386">
        <ele>858.99</ele>
      </trkpt>
      <trkpt lat="48.79448840394616" lon="13.756905952468514">
        <ele>858.66</ele>
      </trkpt>
      <trkpt lat="48.79467699676752" lon="13.756945934146643">
        <ele>858.39</ele>
      </trkpt>
      <trkpt lat="48.79484455101192" lon="13.757102089002728">
        <ele>858.18</ele>
      </trkpt>
      <trkpt lat="48.795011937618256" lon="13.757257992401719">
        <ele>858.05</ele>
      </trkpt>
      <trkpt lat="48.795184940099716" lon="13.757379949092865">
        <ele>857.97</ele>
      </trkpt>
      <trkpt lat="48.79530195146799" lon="13.757424959912896">
        <ele>857.92</ele>
      </trkpt>
      <trkpt lat="48.79545592702925" lon="13.757449937984347">
        <ele>857.87</ele>
      </trkpt>
      <trkpt lat="48.795632952824235" lon="13.75741146504879">
        <ele>857.83</ele>
      </trkpt>
      <trkpt lat="48.79580997861922" lon="13.757372992113233">
        <ele>857.78</ele>
      </trkpt>
      <trkpt lat="48.79605690948665" lon="13.757415488362312">
        <ele>857.74</ele>
      </trkpt>
      <trkpt lat="48.79630392417312" lon="13.757457984611392">
        <ele>857.68</ele>
      </trkpt>
      <trkpt lat="48.796490924432874" lon="13.757532918825746">
        <ele>857.6</ele>
      </trkpt>
      <trkpt lat="48.79666996188462" lon="13.75754197128117">
        <ele>857.54</ele>
      </trkpt>
      <trkpt lat="48.79683097824454" lon="13.757681949064136">
        <ele>857.49</ele>
      </trkpt>
      <trkpt lat="48.797136917710304" lon="13.757753446698189">
        <ele>857.37</ele>
      </trkpt>
      <trkpt lat="48.7974429409951" lon="13.757824944332242">
        <ele>857.32</ele>
      </trkpt>
      <trkpt lat="48.79771049134433" lon="13.757972968742251">
        <ele>857.34</ele>
      </trkpt>
      <trkpt lat="48.79797795787454" lon="13.75812099315226">
        <ele>857.33</ele>
      </trkpt>
      <trkpt lat="48.79817199893296" lon="13.758277986198664">
        <ele>857.28</ele>
      </trkpt>
      <trkpt lat="48.79836796782911" lon="13.758567916229367">
        <ele>857.22</ele>
      </trkpt>
      <trkpt lat="48.79847793839872" lon="13.758781990036368">
        <ele>857.08</ele>
      </trkpt>
      <trkpt lat="48.79852596670389" lon="13.759072925895452">
        <ele>856.89</ele>
      </trkpt>
      <trkpt lat="48.79850098863244" lon="13.759352965280414">
        <ele>856.7</ele>
      </trkpt>
      <trkpt lat="48.79874389618635" lon="13.759401412680745">
        <ele>856.33</ele>
      </trkpt>
      <trkpt lat="48.798986971378326" lon="13.759449943900108">
        <ele>855.96</ele>
      </trkpt>
      <trkpt lat="48.799007926136255" lon="13.759455978870392">
        <ele>855.58</ele>
      </trkpt>
      <trkpt lat="48.79927296191454" lon="13.759541474282742">
        <ele>855.12</ele>
      </trkpt>
      <trkpt lat="48.79953799769282" lon="13.759626969695091">
        <ele>854.6</ele>
      </trkpt>
      <trkpt lat="48.799739414826035" lon="13.759650941938162">
        <ele>854.07</ele>
      </trkpt>
      <trkpt lat="48.79994099959731" lon="13.759674998000264">
        <ele>853.55</ele>
      </trkpt>
      <trkpt lat="48.800141997635365" lon="13.75939093530178">
        <ele>852.86</ele>
      </trkpt>
      <trkpt lat="48.800347689539194" lon="13.759076027199626">
        <ele>852.15</ele>
      </trkpt>
      <trkpt lat="48.800552962347865" lon="13.758761957287788">
        <ele>851.46</ele>
      </trkpt>
      <trkpt lat="48.800597973167896" lon="13.758692974224687">
        <ele>850.82</ele>
      </trkpt>
      <trkpt lat="48.800529493018985" lon="13.758322326466441">
        <ele>850.02</ele>
      </trkpt>
      <trkpt lat="48.80046092905104" lon="13.757951762527227">
        <ele>849.29</ele>
      </trkpt>
      <trkpt lat="48.80039295181632" lon="13.75758396461606">
        <ele>848.69</ele>
      </trkpt>
      <trkpt lat="48.80058732815087" lon="13.757703993469477">
        <ele>847.94</ele>
      </trkpt>
      <trkpt lat="48.800781704485416" lon="13.757824022322893">
        <ele>847.24</ele>
      </trkpt>
      <trkpt lat="48.80097599700093" lon="13.757943967357278">
        <ele>846.61</ele>
      </trkpt>
      <trkpt lat="48.80127992480993" lon="13.757953941822052">
        <ele>845.93</ele>
      </trkpt>
      <trkpt lat="48.80150497891009" lon="13.757918989285827">
        <ele>845.26</ele>
      </trkpt>
      <trkpt lat="48.80173648707569" lon="13.758011944591999">
        <ele>844.6</ele>
      </trkpt>
      <trkpt lat="48.801967995241284" lon="13.758104983717203">
        <ele>843.91</ele>
      </trkpt>
      <trkpt lat="48.80221794359386" lon="13.758346969261765">
        <ele>843.34</ele>
      </trkpt>
      <trkpt lat="48.80236898548901" lon="13.758637988939881">
        <ele>842.76</ele>
      </trkpt>
      <trkpt lat="48.80245992913842" lon="13.758977958932519">
        <ele>842.18</ele>
      </trkpt>
      <trkpt lat="48.80257895216346" lon="13.759234948083758">
        <ele>841.5</ele>
      </trkpt>
      <trkpt lat="48.80276293493807" lon="13.759447932243347">
        <ele>840.79</ele>
      </trkpt>
      <trkpt lat="48.8030309882015" lon="13.759627975523472">
        <ele>840.03</ele>
      </trkpt>
      <trkpt lat="48.80329191684723" lon="13.759747920557857">
        <ele>839.24</ele>
      </trkpt>
      <trkpt lat="48.80356499925256" lon="13.759837942197919">
        <ele>838.39</ele>
      </trkpt>
      <trkpt lat="48.8037424441427" lon="13.759855460375547">
        <ele>837.61</ele>
      </trkpt>
      <trkpt lat="48.80391997285187" lon="13.759872978553176">
        <ele>836.91</ele>
      </trkpt>
      <trkpt lat="48.804147290065885" lon="13.759916983544827">
        <ele>836.26</ele>
      </trkpt>
      <trkpt lat="48.804374523460865" lon="13.759960904717445">
        <ele>835.65</ele>
      </trkpt>
      <trkpt lat="48.80460192449391" lon="13.760004993528128">
        <ele>835.13</ele>
      </trkpt>
      <trkpt lat="48.80483292974532" lon="13.759952941909432">
        <ele>834.61</ele>
      </trkpt>
      <trkpt lat="48.805063934996724" lon="13.759900974109769">
        <ele>834.08</ele>
      </trkpt>
      <trkpt lat="48.80529594607651" lon="13.759874990209937">
        <ele>833.6</ele>
      </trkpt>
      <trkpt lat="48.8055279571563" lon="13.759848922491074">
        <ele>833.17</ele>
      </trkpt>
      <trkpt lat="48.80581093020737" lon="13.759765438735485">
        <ele>832.8</ele>
      </trkpt>
      <trkpt lat="48.806093987077475" lon="13.759681954979897">
        <ele>832.5</ele>
      </trkpt>
      <trkpt lat="48.80627294071019" lon="13.7597094476223">
        <ele>832.22</ele>
      </trkpt>
      <trkpt lat="48.80645197816193" lon="13.759736940264702">
        <ele>831.99</ele>
      </trkpt>
      <trkpt lat="48.80661844275892" lon="13.759737443178892">
        <ele>831.81</ele>
      </trkpt>
      <trkpt lat="48.806784991174936" lon="13.759737946093082">
        <ele>831.63</ele>
      </trkpt>
      <trkpt lat="48.8069630227983" lon="13.75964448787272">
        <ele>831.42</ele>
      </trkpt>
      <trkpt lat="48.80714097060263" lon="13.759550945833325">
        <ele>831.23</ele>
      </trkpt>
      <trkpt lat="48.80716192536056" lon="13.759540971368551">
        <ele>831.03</ele>
      </trkpt>
      <trkpt lat="48.80728899501264" lon="13.759497972205281">
        <ele>830.84</ele>
      </trkpt>
      <trkpt lat="48.80745596252382" lon="13.759589921683073">
        <ele>830.63</ele>
      </trkpt>
      <trkpt lat="48.8076089322567" lon="13.759741969406605">
        <ele>830.44</ele>
      </trkpt>
      <trkpt lat="48.807746982201934" lon="13.760005999356508">
        <ele>830.28</ele>
      </trkpt>
      <trkpt lat="48.8078179769218" lon="13.760201968252659">
        <ele>830.13</ele>
      </trkpt>
      <trkpt lat="48.807875560596585" lon="13.760447055101395">
        <ele>829.99</ele>
      </trkpt>
      <trkpt lat="48.80793297663331" lon="13.760690968483686">
        <ele>829.85</ele>
      </trkpt>
      <trkpt lat="48.808007994666696" lon="13.760880986228585">
        <ele>829.73</ele>
      </trkpt>
      <trkpt lat="48.808179991319776" lon="13.761188937351108">
        <ele>829.56</ele>
      </trkpt>
      <trkpt lat="48.80834209732711" lon="13.761384151875973">
        <ele>829.44</ele>
      </trkpt>
      <trkpt lat="48.808503951877356" lon="13.76157894730568">
        <ele>829.37</ele>
      </trkpt>
      <trkpt lat="48.80870075896382" lon="13.761786818504333">
        <ele>829.33</ele>
      </trkpt>
      <trkpt lat="48.80889756605029" lon="13.761994605883956">
        <ele>829.34</ele>
      </trkpt>
      <trkpt lat="48.8090939540416" lon="13.76220197416842">
        <ele>829.28</ele>
      </trkpt>
      <trkpt lat="48.80928598344326" lon="13.762343963608146">
        <ele>829.24</ele>
      </trkpt>
      <trkpt lat="48.80952402949333" lon="13.762476984411478">
        <ele>829.22</ele>
      </trkpt>
      <trkpt lat="48.809762075543404" lon="13.76261000521481">
        <ele>829.31</ele>
      </trkpt>
      <trkpt lat="48.80999995395541" lon="13.762742942199111">
        <ele>829.52</ele>
      </trkpt>
      <trkpt lat="48.81022559478879" lon="13.762832628563046">
        <ele>829.81</ele>
      </trkpt>
      <trkpt lat="48.8104513194412" lon="13.762922314926982">
        <ele>830.13</ele>
      </trkpt>
      <trkpt lat="48.81067696027458" lon="13.763011917471886">
        <ele>830.43</ele>
      </trkpt>
      <trkpt lat="48.810882987454534" lon="13.763048965483904">
        <ele>830.71</ele>
      </trkpt>
      <trkpt lat="48.81116822361946" lon="13.763054916635156">
        <ele>830.93</ele>
      </trkpt>
      <trkpt lat="48.81145354360342" lon="13.76306095160544">
        <ele>831.04</ele>
      </trkpt>
      <trkpt lat="48.81173894740641" lon="13.763066986575723">
        <ele>831.18</ele>
      </trkpt>
      <trkpt lat="48.81200867705047" lon="13.763111913576722">
        <ele>831.41</ele>
      </trkpt>
      <trkpt lat="48.81227840669453" lon="13.763156924396753">
        <ele>831.52</ele>
      </trkpt>
      <trkpt lat="48.81254805251956" lon="13.763201935216784">
        <ele>831.67</ele>
      </trkpt>
      <trkpt lat="48.81281794980168" lon="13.763246946036816">
        <ele>831.88</ele>
      </trkpt>
      <trkpt lat="48.81299698725343" lon="13.763316432014108">
        <ele>832.01</ele>
      </trkpt>
      <trkpt lat="48.81317594088614" lon="13.7633859179914">
        <ele>832.09</ele>
      </trkpt>
      <trkpt lat="48.81327694281936" lon="13.763475939631462">
        <ele>832.09</ele>
      </trkpt>
      <trkpt lat="48.81344994530082" lon="13.763716919347644">
        <ele>832.03</ele>
      </trkpt>
      <trkpt lat="48.81364507600665" lon="13.763911128044128">
        <ele>831.9</ele>
      </trkpt>
      <trkpt lat="48.81383995525539" lon="13.764104917645454">
        <ele>831.7</ele>
      </trkpt>
      <trkpt lat="48.81394858472049" lon="13.7642942648381">
        <ele>831.47</ele>
      </trkpt>
      <trkpt lat="48.8140569627285" lon="13.76448294147849">
        <ele>831.22</ele>
      </trkpt>
      <trkpt lat="48.81428746506572" lon="13.76471545547247">
        <ele>830.9</ele>
      </trkpt>
      <trkpt lat="48.814517967402935" lon="13.764947969466448">
        <ele>830.55</ele>
      </trkpt>
      <trkpt lat="48.81474796682596" lon="13.765179980546236">
        <ele>830.26</ele>
      </trkpt>
      <trkpt lat="48.814841927960515" lon="13.765242928639054">
        <ele>830.0</ele>
      </trkpt>
      <trkpt lat="48.81485693156719" lon="13.765297997742891">
        <ele>829.76</ele>
      </trkpt>
      <trkpt lat="48.81487595848739" lon="13.765346948057413">
        <ele>829.49</ele>
      </trkpt>
      <trkpt lat="48.81501811556518" lon="13.7655461858958">
        <ele>829.19</ele>
      </trkpt>
      <trkpt lat="48.81515993736684" lon="13.765744920819998">
        <ele>828.89</ele>
      </trkpt>
      <trkpt lat="48.815333945676684" lon="13.765972992405295">
        <ele>828.58</ele>
      </trkpt>
      <trkpt lat="48.81541399285197" lon="13.766157981008291">
        <ele>828.31</ele>
      </trkpt>
      <trkpt lat="48.81544995121658" lon="13.766278931871057">
        <ele>828.05</ele>
      </trkpt>
      <trkpt lat="48.81547249853611" lon="13.766519576311111">
        <ele>827.86</ele>
      </trkpt>
      <trkpt lat="48.81549496203661" lon="13.76675896346569">
        <ele>827.71</ele>
      </trkpt>
      <trkpt lat="48.81571498699486" lon="13.76689231954515">
        <ele>827.46</ele>
      </trkpt>
      <trkpt lat="48.81593509577215" lon="13.767025675624609">
        <ele>827.46</ele>
      </trkpt>
      <trkpt lat="48.81615495309234" lon="13.767158947885036">
        <ele>827.65</ele>
      </trkpt>
      <trkpt lat="48.81630951538682" lon="13.767238995060325">
        <ele>827.99</ele>
      </trkpt>
      <trkpt lat="48.81646399386227" lon="13.767318958416581">
        <ele>828.55</ele>
      </trkpt>
      <trkpt lat="48.81675895303488" lon="13.767412919551134">
        <ele>829.4</ele>
      </trkpt>
      <trkpt lat="48.816731879487634" lon="13.767834613099694">
        <ele>830.6</ele>
      </trkpt>
      <trkpt lat="48.81670497357845" lon="13.768253959715366">
        <ele>831.66</ele>
      </trkpt>
      <trkpt lat="48.816629284992814" lon="13.768704067915678">
        <ele>832.65</ele>
      </trkpt>
      <trkpt lat="48.8165539316833" lon="13.769151996821165">
        <ele>833.34</ele>
      </trkpt>
      <trkpt lat="48.816533982753754" lon="13.769577965140343">
        <ele>833.85</ele>
      </trkpt>
      <trkpt lat="48.81655192002654" lon="13.769818944856524">
        <ele>834.31</ele>
      </trkpt>
    </trkseg>
  </trk>
</gpx>
